id,first_name,last_name,email,gender,ip_address
1,Bartie,McClenan,bmcclenan0@cmu.edu,Male,63.81.128.34
2,Margaux,Jossel,mjossel1@wix.com,Female,239.75.96.69
3,Valaree,Maginn,vmaginn2@nsw.gov.au,Female,111.63.235.12
4,Frederico,McCurtain,fmccurtain3@live.com,Male,62.28.88.96
5,Cecelia,Abarough,cabarough4@jimdo.com,Female,230.89.228.132
6,Dunstan,Gottschalk,dgottschalk5@last.fm,Male,114.171.187.68
7,Temple,Waldron,twaldron6@washington.edu,Male,115.133.214.64
8,Sophronia,Polet,spolet7@slashdot.org,Female,105.255.81.139
9,Caresse,Samwyse,csamwyse8@github.io,Female,195.190.153.51
10,Lucia,Borsi,lborsi9@flickr.com,Female,86.65.237.138
11,Xenos,Mee,xmeea@utexas.edu,Male,133.206.46.181
12,Roderigo,Semorad,rsemoradb@indiegogo.com,Male,25.183.224.251
13,Bron,Houldey,bhouldeyc@walmart.com,Male,233.101.233.146
14,Gregg,Denington,gdeningtond@alexa.com,Male,129.78.71.209
15,Rodge,Scrannage,rscrannagee@edublogs.org,Male,116.97.154.200
16,Marcellus,Bushrod,mbushrodf@usatoday.com,Agender,11.163.2.139
17,Porty,Redish,predishg@gov.uk,Male,25.130.178.100
18,Winnie,Trainer,wtrainerh@hhs.gov,Female,187.9.81.26
19,Kareem,Fiske,kfiskei@webeden.co.uk,Bigender,129.123.165.184
20,Austine,Scougal,ascougalj@shutterfly.com,Female,125.72.34.116
21,Gregg,Lensch,glenschk@thetimes.co.uk,Male,229.217.25.130
22,Claude,MacGinney,cmacginneyl@nytimes.com,Female,176.142.168.183
23,Ware,Greenleaf,wgreenleafm@mapy.cz,Male,79.254.70.187
24,Cody,Scottini,cscottinin@eventbrite.com,Female,248.126.181.60
25,Issie,Beincken,ibeinckeno@hubpages.com,Female,118.8.35.69
26,Norman,Capini,ncapinip@tamu.edu,Male,128.167.156.190
27,Konstantine,Fishlee,kfishleeq@fotki.com,Male,175.207.157.37
28,Marty,Balchin,mbalchinr@yahoo.co.jp,Male,56.1.193.194
29,Marnia,Tregonna,mtregonnas@thetimes.co.uk,Female,237.116.125.47
30,Elladine,Littlewood,elittlewoodt@earthlink.net,Female,5.86.244.140
31,Preston,Gyurko,pgyurkou@blogspot.com,Male,81.117.73.120
32,Eugenia,Kroin,ekroinv@twitpic.com,Female,0.189.253.102
33,Nichol,Hatchard,nhatchardw@usda.gov,Female,17.96.221.122
34,Inna,Howgego,ihowgegox@github.io,Female,137.47.88.48
35,Gracia,Saddler,gsaddlery@businessweek.com,Female,164.173.149.114
36,Gabi,Mendus,gmendusz@hud.gov,Female,105.255.113.92
37,Stephi,Bearn,sbearn10@wordpress.org,Female,4.23.205.14
38,Torre,Yanukhin,tyanukhin11@google.ca,Male,26.125.64.11
39,Meridel,Shale,mshale12@google.cn,Female,85.127.34.174
40,Stanly,Woolerton,swoolerton13@newyorker.com,Male,58.177.208.99
41,Giorgi,Brimman,gbrimman14@sfgate.com,Male,67.195.234.70
42,Jocelin,Lago,jlago15@icio.us,Female,8.166.138.147
43,Quintus,Hatter,qhatter16@biblegateway.com,Male,147.145.46.58
44,Walther,Biaggelli,wbiaggelli17@un.org,Male,72.52.36.234
45,Chad,McMaster,cmcmaster18@etsy.com,Female,9.22.28.183
46,Tommie,Emmitt,temmitt19@sohu.com,Genderfluid,81.78.94.17
47,Tracy,Damato,tdamato1a@hc360.com,Female,43.182.100.22
48,Shepard,Tolliday,stolliday1b@eepurl.com,Male,169.117.133.6
49,Aurilia,Zylbermann,azylbermann1c@who.int,Female,100.34.246.244
50,Fernando,Bough,fbough1d@yahoo.co.jp,Male,108.228.175.90
51,Joice,Snowding,jsnowding1e@slideshare.net,Female,96.128.167.83
52,Giorgia,Greenfield,ggreenfield1f@nba.com,Female,39.198.43.93
53,Prinz,Hazlehurst,phazlehurst1g@privacy.gov.au,Male,80.28.1.110
54,Rafael,Peet,rpeet1h@ovh.net,Male,92.212.245.56
55,Monro,Weall,mweall1i@diigo.com,Male,179.218.2.184
56,Vilhelmina,McAirt,vmcairt1j@un.org,Female,50.231.85.244
57,Waylon,Stickford,wstickford1k@samsung.com,Male,23.97.197.236
58,Hynda,Brehaut,hbrehaut1l@cnn.com,Female,172.94.127.180
59,Cicely,Boulden,cboulden1m@github.com,Female,140.44.222.254
60,Raphael,Yukhov,ryukhov1n@yale.edu,Male,168.195.117.115
61,Mitchel,Arnolds,marnolds1o@gravatar.com,Male,166.247.234.42
62,Heidi,Copsey,hcopsey1p@freewebs.com,Female,81.25.21.157
63,Claudell,Symmers,csymmers1q@japanpost.jp,Male,41.191.135.49
64,Hilliard,Lorinez,hlorinez1r@e-recht24.de,Male,150.115.8.172
65,Dyann,Gould,dgould1s@princeton.edu,Female,144.247.174.239
66,Michelle,Terrett,mterrett1t@springer.com,Female,157.213.105.130
67,Roana,McGow,rmcgow1u@fastcompany.com,Female,162.28.99.180
68,Edgard,McFetrich,emcfetrich1v@typepad.com,Male,177.13.125.153
69,Lurline,Duker,lduker1w@rambler.ru,Female,142.22.185.226
70,Wallie,Jeger,wjeger1x@google.com.au,Male,220.103.200.243
71,Pavia,Payler,ppayler1y@japanpost.jp,Female,24.115.118.218
72,Tammie,Morgans,tmorgans1z@wikia.com,Male,65.25.66.140
73,Evelyn,Cowpe,ecowpe20@icio.us,Male,131.144.132.206
74,Emmy,Berendsen,eberendsen21@godaddy.com,Male,106.139.155.149
75,Rosalie,Scholey,rscholey22@lulu.com,Female,77.157.191.49
76,Lelia,Southerill,lsoutherill23@zdnet.com,Non-binary,160.43.163.229
77,Bryant,Onge,bonge24@pen.io,Male,111.47.156.218
78,Romain,Gerrelt,rgerrelt25@upenn.edu,Male,15.16.170.211
79,Cloris,Turbitt,cturbitt26@ted.com,Female,177.19.178.234
80,Norris,Silversmidt,nsilversmidt27@nih.gov,Male,4.129.239.33
81,Margaux,Pettiford,mpettiford28@furl.net,Female,34.175.161.115
82,Jacenta,Novak,jnovak29@usa.gov,Female,141.42.238.125
83,Loree,Osgarby,losgarby2a@hugedomains.com,Female,43.92.109.101
84,Luz,Cogin,lcogin2b@netscape.com,Female,39.34.182.166
85,Elie,Aird,eaird2c@diigo.com,Female,30.11.249.30
86,Mechelle,Meany,mmeany2d@narod.ru,Female,8.199.159.42
87,Had,Conradsen,hconradsen2e@soup.io,Male,66.94.59.228
88,Eziechiele,Dominguez,edominguez2f@cmu.edu,Male,152.129.219.194
89,Humbert,Arnolds,harnolds2g@godaddy.com,Polygender,0.152.29.94
90,Dell,Borgnet,dborgnet2h@phoca.cz,Male,144.246.208.171
91,Berne,Druery,bdruery2i@nydailynews.com,Male,199.21.82.90
92,Donielle,Walters,dwalters2j@salon.com,Female,87.19.232.223
93,Valentia,Stembridge,vstembridge2k@mashable.com,Female,208.30.59.55
94,Teddie,Sparhawk,tsparhawk2l@house.gov,Male,50.49.176.73
95,Mycah,Shurey,mshurey2m@guardian.co.uk,Male,160.204.6.37
96,Bertie,Allcock,ballcock2n@msn.com,Male,61.244.96.239
97,Othella,Pulford,opulford2o@dailymotion.com,Female,238.220.188.52
98,Alic,Orbell,aorbell2p@dailymail.co.uk,Male,10.149.243.242
99,Kristi,Reeken,kreeken2q@bizjournals.com,Female,26.76.50.37
100,Clarine,Overshott,covershott2r@blogs.com,Female,113.176.247.191
101,Genny,Gillimgham,ggillimgham2s@msn.com,Female,135.123.165.136
102,Josi,Vickerman,jvickerman2t@google.co.jp,Female,98.22.99.209
103,Normie,Coalburn,ncoalburn2u@reddit.com,Male,235.227.147.119
104,Darill,Vink,dvink2v@japanpost.jp,Male,99.27.140.18
105,Blancha,Murby,bmurby2w@newsvine.com,Female,49.21.221.148
106,Ira,Maylott,imaylott2x@aol.com,Male,9.158.23.250
107,Jens,Kynaston,jkynaston2y@buzzfeed.com,Male,32.226.164.80
108,Brittan,Newsome,bnewsome2z@columbia.edu,Female,176.219.124.51
109,Bell,Friskey,bfriskey30@admin.ch,Female,195.147.73.134
110,Pru,Cattrall,pcattrall31@bbc.co.uk,Female,30.29.67.2
111,Smitty,Gorring,sgorring32@alibaba.com,Male,231.241.34.188
112,Chen,Poulett,cpoulett33@statcounter.com,Male,20.75.76.58
113,Major,Yedall,myedall34@admin.ch,Male,247.69.218.228
114,Vally,Hards,vhards35@cnet.com,Female,62.143.185.250
115,Augustus,Pyecroft,apyecroft36@theatlantic.com,Male,140.25.151.16
116,Charley,Castleton,ccastleton37@sphinn.com,Male,188.86.214.47
117,Nessa,Agius,nagius38@plala.or.jp,Female,28.78.146.215
118,Annetta,Cabedo,acabedo39@github.io,Female,51.26.96.193
119,Humbert,Phelan,hphelan3a@ed.gov,Male,46.154.0.170
120,Carolee,Wyre,cwyre3b@bravesites.com,Female,160.35.232.228
121,Luke,Whatham,lwhatham3c@google.cn,Male,215.11.218.83
122,Dede,Lesper,dlesper3d@bandcamp.com,Female,126.18.152.159
123,Niall,Kitson,nkitson3e@omniture.com,Male,101.122.255.57
124,Keeley,Stonall,kstonall3f@blogtalkradio.com,Female,215.42.47.107
125,Randi,Pidgeley,rpidgeley3g@artisteer.com,Genderqueer,159.90.206.250
126,Bartholomeo,Dymoke,bdymoke3h@paypal.com,Male,50.123.41.144
127,Lucian,Pendrick,lpendrick3i@sitemeter.com,Male,44.219.10.219
128,Webb,Merrydew,wmerrydew3j@alibaba.com,Male,19.42.64.247
129,Shaina,Mauser,smauser3k@vinaora.com,Female,55.57.22.168
130,Brigitte,Goodliff,bgoodliff3l@sakura.ne.jp,Female,138.147.75.220
131,Gerald,Garrould,ggarrould3m@dmoz.org,Male,172.232.239.204
132,Murray,Jagels,mjagels3n@ucla.edu,Male,158.3.79.84
133,Rolfe,Shadrach,rshadrach3o@shop-pro.jp,Male,170.82.191.68
134,Trumaine,Treuge,ttreuge3p@multiply.com,Male,12.64.143.116
135,Chris,Davitashvili,cdavitashvili3q@hatena.ne.jp,Male,220.178.17.143
136,Palmer,Spinozzi,pspinozzi3r@4shared.com,Male,143.207.25.195
137,Gabriella,Alldritt,galldritt3s@state.tx.us,Female,228.216.105.19
138,Phoebe,Mewhirter,pmewhirter3t@tripod.com,Female,242.138.102.249
139,Had,Penwright,hpenwright3u@guardian.co.uk,Male,147.99.136.142
140,Dari,Schiell,dschiell3v@blogtalkradio.com,Female,161.216.145.5
141,Melicent,Iddon,middon3w@canalblog.com,Female,78.183.75.90
142,Ingar,Noddings,inoddings3x@xrea.com,Male,237.20.133.105
143,Fitz,Fedder,ffedder3y@baidu.com,Male,21.167.197.168
144,Valdemar,O'Riordan,voriordan3z@dagondesign.com,Male,238.13.248.39
145,Brian,Olivie,bolivie40@dailymotion.com,Male,14.82.81.233
146,Daria,Vondrach,dvondrach41@photobucket.com,Female,122.127.255.253
147,Ailis,Vassar,avassar42@simplemachines.org,Female,73.43.236.12
148,Niven,Aris,naris43@google.pl,Male,12.250.118.122
149,Eduino,Fennell,efennell44@youtube.com,Male,58.174.196.118
150,Thorin,Boldecke,tboldecke45@miibeian.gov.cn,Male,240.172.96.9
151,Mycah,McGahey,mmcgahey46@themeforest.net,Male,116.98.26.209
152,Leland,Cappleman,lcappleman47@icio.us,Male,57.250.224.198
153,Sherie,Gear,sgear48@liveinternet.ru,Female,108.210.140.234
154,Fairfax,Stead,fstead49@seattletimes.com,Male,192.180.152.221
155,Letty,Mountain,lmountain4a@boston.com,Female,250.55.161.85
156,Nola,Troni,ntroni4b@accuweather.com,Non-binary,200.65.44.42
157,Guthry,Bernini,gbernini4c@sitemeter.com,Male,105.107.173.156
158,Alis,Stevens,astevens4d@sakura.ne.jp,Female,48.243.77.59
159,Roi,Florio,rflorio4e@plala.or.jp,Male,28.252.252.175
160,Kimbell,Willimot,kwillimot4f@lulu.com,Male,234.174.159.171
161,Derril,Rolling,drolling4g@cyberchimps.com,Male,97.133.40.77
162,Nissie,Antcliffe,nantcliffe4h@indiatimes.com,Female,151.44.0.121
163,Adorne,Drance,adrance4i@odnoklassniki.ru,Female,182.154.130.6
164,Chloe,Czyz,cczyz4j@chicagotribune.com,Female,193.194.31.210
165,Aleda,Hakes,ahakes4k@bloomberg.com,Female,164.154.65.75
166,Arron,Pellamont,apellamont4l@rakuten.co.jp,Male,42.15.201.101
167,Lucila,Boseley,lboseley4m@hexun.com,Non-binary,117.184.158.23
168,Wallache,Kovelmann,wkovelmann4n@cnn.com,Male,174.85.131.13
169,Velma,Aldridge,valdridge4o@amazon.co.jp,Female,77.74.133.194
170,Mathe,Kiss,mkiss4p@goodreads.com,Male,184.252.28.157
171,Dena,MacLardie,dmaclardie4q@google.com.au,Female,177.245.38.100
172,Lavinie,Paddington,lpaddington4r@seattletimes.com,Female,79.253.179.22
173,Zollie,Wrout,zwrout4s@gmpg.org,Male,87.112.89.98
174,Laure,Poupard,lpoupard4t@stumbleupon.com,Female,145.64.83.253
175,Stephine,Heggie,sheggie4u@topsy.com,Female,0.201.55.153
176,Gregor,Mattek,gmattek4v@icio.us,Male,223.219.29.102
177,Ellynn,Cater,ecater4w@nyu.edu,Female,207.115.219.226
178,Adamo,Demicoli,ademicoli4x@php.net,Male,70.168.247.56
179,Sammy,Shynn,sshynn4y@topsy.com,Female,86.186.176.38
180,Tabbatha,Readshall,treadshall4z@bluehost.com,Female,175.91.218.87
181,Jeffrey,Roper,jroper50@reuters.com,Male,141.116.132.179
182,Burton,Voice,bvoice51@hud.gov,Male,106.97.105.32
183,Bev,Mayou,bmayou52@scribd.com,Female,155.154.152.5
184,Bennett,Rockhill,brockhill53@toplist.cz,Male,90.54.78.73
185,Diarmid,Wasmuth,dwasmuth54@networkadvertising.org,Male,3.74.5.252
186,Nona,Kemwall,nkemwall55@xinhuanet.com,Female,121.254.117.12
187,Durant,Cosstick,dcosstick56@umich.edu,Bigender,140.68.37.160
188,Aigneis,Kristufek,akristufek57@cnbc.com,Female,101.96.68.238
189,Erna,Finlator,efinlator58@sciencedirect.com,Female,51.172.86.131
190,Thane,Mundall,tmundall59@google.ru,Male,217.216.181.138
191,Ryun,Waller,rwaller5a@ovh.net,Male,224.242.190.60
192,Anica,Giottini,agiottini5b@behance.net,Female,138.195.113.134
193,Cecilius,Maddox,cmaddox5c@smugmug.com,Male,35.68.245.228
194,Brigit,O'Growgane,bogrowgane5d@twitter.com,Female,33.87.15.199
195,Magda,Zimmer,mzimmer5e@google.co.jp,Female,200.48.171.19
196,Yves,Gypson,ygypson5f@bizjournals.com,Male,255.50.124.31
197,Kandy,Fearns,kfearns5g@google.ca,Female,196.131.195.190
198,Sonya,Cominotti,scominotti5h@homestead.com,Agender,253.143.31.24
199,Cristionna,Thouless,cthouless5i@stanford.edu,Female,34.167.125.145
200,Merrie,Mathieson,mmathieson5j@cbc.ca,Female,11.0.93.121
201,Agneta,Gillbard,agillbard5k@rediff.com,Female,147.193.248.26
202,Ban,Trevaskus,btrevaskus5l@vinaora.com,Agender,128.86.64.253
203,Elsa,Rainy,erainy5m@wiley.com,Agender,101.77.63.121
204,Herve,Harbage,hharbage5n@examiner.com,Male,27.216.201.143
205,Megan,MacNaughton,mmacnaughton5o@desdev.cn,Female,150.226.89.17
206,Sheeree,Clampe,sclampe5p@ezinearticles.com,Female,171.23.190.133
207,Willette,Brun,wbrun5q@jugem.jp,Female,157.91.106.237
208,Thain,Lankford,tlankford5r@yelp.com,Male,227.158.129.248
209,Gregory,Surplice,gsurplice5s@slashdot.org,Male,84.90.112.129
210,Ivie,Rouchy,irouchy5t@google.nl,Genderfluid,181.20.50.180
211,Collen,Orum,corum5u@ftc.gov,Female,59.46.200.134
212,Elisabeth,Figg,efigg5v@com.com,Female,162.228.7.182
213,Alva,Joffe,ajoffe5w@sogou.com,Male,86.174.230.159
214,Marina,Layland,mlayland5x@theglobeandmail.com,Female,29.232.126.122
215,Mirilla,Spellward,mspellward5y@tamu.edu,Female,76.90.80.10
216,Dominick,Tallent,dtallent5z@noaa.gov,Male,127.76.183.163
217,Karlan,Craggs,kcraggs60@ebay.com,Male,159.13.70.13
218,Connor,Kennet,ckennet61@tinypic.com,Male,133.187.134.21
219,Dasie,Matieu,dmatieu62@netscape.com,Genderqueer,231.138.34.172
220,Mattie,Cullip,mcullip63@vinaora.com,Male,201.159.78.180
221,Tomasine,Hitschke,thitschke64@blogs.com,Female,66.165.32.127
222,Pier,Regelous,pregelous65@seattletimes.com,Female,98.49.100.46
223,Nicolas,Bukowski,nbukowski66@salon.com,Male,3.186.161.246
224,Annie,Borles,aborles67@dion.ne.jp,Female,69.218.9.153
225,Delaney,Labrom,dlabrom68@nsw.gov.au,Male,199.91.165.93
226,Theresita,Hartington,thartington69@dagondesign.com,Female,28.196.55.14
227,Victor,Wolters,vwolters6a@epa.gov,Male,143.243.202.25
228,Lori,Biasioni,lbiasioni6b@pinterest.com,Female,3.124.174.226
229,Kania,Dunkirk,kdunkirk6c@pbs.org,Female,109.201.167.69
230,Abigale,Kervin,akervin6d@imgur.com,Female,210.165.103.53
231,Matilda,Hallward,mhallward6e@studiopress.com,Female,216.51.233.52
232,Klemens,Arendt,karendt6f@cyberchimps.com,Male,169.13.229.51
233,Bordie,Turle,bturle6g@cloudflare.com,Male,36.192.160.39
234,Marlane,Cocksedge,mcocksedge6h@altervista.org,Female,68.201.9.243
235,Estella,Plaskitt,eplaskitt6i@blogspot.com,Female,222.91.88.62
236,Catha,Potkin,cpotkin6j@virginia.edu,Female,180.29.1.165
237,Marin,O'Neil,moneil6k@g.co,Female,238.221.208.83
238,Dedie,Redpath,dredpath6l@walmart.com,Female,100.90.111.191
239,Wilhelmine,Shakelady,wshakelady6m@sciencedaily.com,Female,54.225.195.67
240,Lynna,Tanby,ltanby6n@census.gov,Female,88.141.53.213
241,Joachim,Fareweather,jfareweather6o@nationalgeographic.com,Male,181.122.231.67
242,Sanford,Avesque,savesque6p@nationalgeographic.com,Male,167.66.80.211
243,Berkeley,Pulhoster,bpulhoster6q@baidu.com,Male,238.133.71.109
244,Dana,Brasted,dbrasted6r@xinhuanet.com,Male,150.165.129.54
245,Walther,Saw,wsaw6s@photobucket.com,Male,108.55.82.106
246,Auberta,Jirusek,ajirusek6t@zdnet.com,Female,8.158.110.57
247,Jacky,Manton,jmanton6u@ft.com,Male,128.149.208.125
248,Jillane,Bosquet,jbosquet6v@altervista.org,Female,73.133.251.131
249,Yovonnda,Arends,yarends6w@intel.com,Female,178.161.247.218
250,Danita,Moloney,dmoloney6x@symantec.com,Female,178.196.63.246
251,Ezra,Clouter,eclouter6y@howstuffworks.com,Male,229.1.79.178
252,Allie,McCracken,amccracken6z@usda.gov,Male,170.189.107.192
253,Zelma,Katte,zkatte70@alexa.com,Female,95.140.32.175
254,Scarlett,Bootes,sbootes71@hao123.com,Female,251.110.107.250
255,Burg,Cottesford,bcottesford72@umn.edu,Male,94.139.42.112
256,Lalo,Vasentsov,lvasentsov73@newsvine.com,Male,13.95.53.52
257,Davidson,Patman,dpatman74@infoseek.co.jp,Male,87.55.152.41
258,Chloe,Humphrys,chumphrys75@trellian.com,Female,89.210.104.12
259,Abdel,Chenery,achenery76@comcast.net,Male,207.202.91.173
260,Arni,Flipsen,aflipsen77@cloudflare.com,Male,107.193.177.15
261,Marthe,McDermot,mmcdermot78@rambler.ru,Female,204.42.243.206
262,Jodi,Froome,jfroome79@ycombinator.com,Male,16.96.128.152
263,Dulcy,Byer,dbyer7a@apache.org,Female,226.121.172.144
264,Jane,Mintoft,jmintoft7b@studiopress.com,Non-binary,247.176.214.185
265,Abbie,Swaden,aswaden7c@cnbc.com,Male,68.133.8.46
266,Jon,Bottomore,jbottomore7d@mediafire.com,Male,41.80.113.30
267,Brandise,Tunnicliff,btunnicliff7e@moonfruit.com,Female,40.170.229.152
268,Aviva,Curner,acurner7f@economist.com,Female,10.53.65.101
269,Fran,Gewer,fgewer7g@telegraph.co.uk,Male,204.254.83.205
270,Anallise,Brasner,abrasner7h@kickstarter.com,Female,115.59.139.60
271,Nikolaos,Janaszkiewicz,njanaszkiewicz7i@csmonitor.com,Male,171.140.145.8
272,Lanita,Hearsum,lhearsum7j@mapquest.com,Female,50.10.39.57
273,Olenolin,Folini,ofolini7k@noaa.gov,Polygender,194.195.82.31
274,Kare,Blower,kblower7l@cargocollective.com,Female,198.229.72.21
275,Berte,Dorrity,bdorrity7m@yellowpages.com,Female,192.105.107.145
276,Timothea,Trevaskis,ttrevaskis7n@wordpress.com,Female,41.234.241.9
277,Jenilee,Leyband,jleyband7o@topsy.com,Female,20.172.34.206
278,Marrissa,Korneev,mkorneev7p@livejournal.com,Female,249.39.50.115
279,Shaina,Jouhning,sjouhning7q@stumbleupon.com,Female,49.185.19.175
280,Benson,Gideon,bgideon7r@ustream.tv,Male,22.102.77.91
281,Konstantin,Minshall,kminshall7s@issuu.com,Male,170.220.41.220
282,Dita,Stubbley,dstubbley7t@princeton.edu,Female,142.190.83.169
283,Orrin,Coultar,ocoultar7u@unblog.fr,Male,94.150.124.14
284,Kinnie,Sterke,ksterke7v@techcrunch.com,Male,150.32.169.113
285,Kippy,Dyson,kdyson7w@drupal.org,Female,101.147.28.180
286,Elfreda,Bowness,ebowness7x@delicious.com,Female,54.252.225.177
287,Baxy,Piesold,bpiesold7y@about.com,Genderqueer,52.117.199.87
288,Conni,Clarridge,cclarridge7z@drupal.org,Female,45.74.159.86
289,Shae,Ragborne,sragborne80@marketwatch.com,Genderfluid,204.119.124.28
290,Isaiah,Mingay,imingay81@technorati.com,Male,125.187.111.127
291,Adele,Kilford,akilford82@ed.gov,Female,181.249.191.206
292,Luke,Guwer,lguwer83@google.es,Male,157.247.137.160
293,Gabriella,O'dell,godell84@google.co.uk,Female,31.9.180.154
294,Stanwood,Harrigan,sharrigan85@freewebs.com,Male,38.176.192.139
295,Dorree,Senyard,dsenyard86@dyndns.org,Female,168.142.24.139
296,Adiana,Avrahamy,aavrahamy87@dailymotion.com,Female,52.93.55.40
297,Keane,Hoyer,khoyer88@privacy.gov.au,Male,78.190.20.101
298,Larry,Tett,ltett89@nydailynews.com,Male,117.12.64.36
299,Nadine,Rickerby,nrickerby8a@friendfeed.com,Female,247.255.174.152
300,Carol-jean,Tolman,ctolman8b@mediafire.com,Bigender,17.239.203.155
301,Colan,Wingeatt,cwingeatt8c@scientificamerican.com,Bigender,176.164.78.173
302,Tessy,Bracknell,tbracknell8d@toplist.cz,Female,84.172.158.97
303,Loretta,Cristou,lcristou8e@businesswire.com,Female,209.0.31.142
304,Alanson,Brazelton,abrazelton8f@merriam-webster.com,Male,55.20.23.145
305,Keelby,Scarf,kscarf8g@nasa.gov,Male,144.224.5.251
306,Hamil,Hoggin,hhoggin8h@samsung.com,Male,160.160.73.180
307,Minta,Monument,mmonument8i@smugmug.com,Female,1.155.239.153
308,Clair,Andreoletti,candreoletti8j@hhs.gov,Female,69.46.35.21
309,Reidar,Begwell,rbegwell8k@vistaprint.com,Male,218.4.27.225
310,Eli,Duling,eduling8l@bloglovin.com,Male,108.18.167.191
311,Charlotte,Boome,cboome8m@taobao.com,Female,12.87.26.243
312,Ediva,Schirach,eschirach8n@ucla.edu,Female,173.116.225.87
313,Thalia,Zuan,tzuan8o@lycos.com,Female,231.195.145.51
314,Ashlie,Clemas,aclemas8p@barnesandnoble.com,Female,111.56.164.72
315,Lynnea,Jonah,ljonah8q@wiley.com,Female,255.63.240.216
316,Westbrooke,Lambden,wlambden8r@oakley.com,Male,58.220.157.253
317,Enrichetta,Marcham,emarcham8s@europa.eu,Female,240.137.148.161
318,Allsun,Sollas,asollas8t@latimes.com,Female,88.65.238.13
319,Collette,Nutley,cnutley8u@google.com.br,Female,20.178.177.160
320,Kile,Damant,kdamant8v@cnn.com,Male,123.16.192.24
321,Lacy,Bafford,lbafford8w@cyberchimps.com,Female,246.64.158.79
322,Nobe,McGaraghan,nmcgaraghan8x@dropbox.com,Male,219.13.124.136
323,Natale,Jereatt,njereatt8y@bloglines.com,Male,55.133.33.128
324,Orv,Quilleash,oquilleash8z@nationalgeographic.com,Male,206.0.42.16
325,Cirillo,Maly,cmaly90@nih.gov,Male,125.27.188.4
326,Thacher,Garvagh,tgarvagh91@paypal.com,Male,4.99.250.44
327,Conan,Alwen,calwen92@is.gd,Male,85.117.147.168
328,Matteo,Angliss,mangliss93@squidoo.com,Non-binary,137.42.41.208
329,Shelly,Bente,sbente94@so-net.ne.jp,Female,246.150.124.232
330,Sidonia,Laxson,slaxson95@dmoz.org,Female,30.102.174.105
331,Tawnya,Antuoni,tantuoni96@hc360.com,Female,35.114.50.28
332,Simonne,Dunbobin,sdunbobin97@latimes.com,Female,14.177.150.254
333,Bianka,Van der Krui,bvanderkrui98@theguardian.com,Female,165.5.87.215
334,Juliette,Boner,jboner99@dropbox.com,Female,228.232.33.216
335,Doralynn,McLaggan,dmclaggan9a@nymag.com,Female,38.28.186.176
336,Ashia,Le Gallo,alegallo9b@about.me,Female,113.83.8.59
337,Tyrone,Rudwell,trudwell9c@comcast.net,Male,100.7.107.167
338,Edwin,Gennerich,egennerich9d@globo.com,Male,247.132.63.86
339,Tracey,Tumilty,ttumilty9e@umn.edu,Genderqueer,36.168.94.82
340,Inger,Rotge,irotge9f@trellian.com,Non-binary,160.13.62.172
341,Killy,Flegg,kflegg9g@i2i.jp,Genderqueer,236.159.87.230
342,Sherline,Summerfield,ssummerfield9h@state.gov,Female,69.171.125.238
343,Aldric,Heartfield,aheartfield9i@diigo.com,Male,12.4.70.117
344,Aindrea,Skipping,askipping9j@ucoz.ru,Female,163.54.228.180
345,Galina,Wakley,gwakley9k@engadget.com,Female,249.2.222.83
346,Jed,Dacre,jdacre9l@springer.com,Male,122.136.101.184
347,Oona,Titterell,otitterell9m@4shared.com,Female,134.254.86.133
348,Jack,Matfield,jmatfield9n@ycombinator.com,Male,190.191.109.58
349,Hastie,Heaphy,hheaphy9o@aboutads.info,Male,184.209.163.36
350,Bennie,Strickler,bstrickler9p@elpais.com,Female,191.80.103.228
351,Lenci,Glencrosche,lglencrosche9q@people.com.cn,Male,132.92.167.48
352,Johnny,Hing,jhing9r@oaic.gov.au,Male,77.214.106.236
353,Charlotta,Pieroni,cpieroni9s@about.me,Female,79.205.4.234
354,Waiter,Farnham,wfarnham9t@ca.gov,Male,138.53.161.132
355,Tyler,Stichel,tstichel9u@weather.com,Male,252.12.179.89
356,Zachery,Jackes,zjackes9v@ucoz.com,Male,17.179.204.251
357,Hussein,Burry,hburry9w@intel.com,Male,130.103.212.93
358,Kyrstin,Jochens,kjochens9x@123-reg.co.uk,Bigender,121.161.209.49
359,Nevile,Huggon,nhuggon9y@java.com,Genderfluid,219.189.3.32
360,Celinda,Cleghorn,ccleghorn9z@networkadvertising.org,Female,60.68.44.128
361,Cob,Fulbrook,cfulbrooka0@mac.com,Polygender,141.34.116.176
362,Puff,Allsopp,pallsoppa1@tmall.com,Male,96.195.112.10
363,Royall,Crier,rcriera2@1688.com,Male,140.143.125.2
364,Max,Albany,malbanya3@chicagotribune.com,Female,18.17.240.101
365,Serena,Ewebank,sewebanka4@unc.edu,Female,20.1.40.196
366,Ardyth,Skillanders,askillandersa5@so-net.ne.jp,Female,23.6.80.44
367,Sashenka,Hughesdon,shughesdona6@cdbaby.com,Female,211.96.15.65
368,Lauren,Mellonby,lmellonbya7@simplemachines.org,Genderqueer,162.40.241.43
369,Pet,Burder,pburdera8@123-reg.co.uk,Female,246.194.109.248
370,Hildagard,Hinge,hhingea9@mapquest.com,Female,217.228.175.28
371,Kassey,Jacklin,kjacklinaa@multiply.com,Female,201.141.151.96
372,Morley,Knowlden,mknowldenab@imageshack.us,Genderqueer,43.102.18.60
373,Audi,Cusworth,acusworthac@hexun.com,Non-binary,185.245.253.196
374,Gerry,O'Hallihane,gohallihanead@canalblog.com,Male,47.99.97.211
375,Darrell,Swalowe,dswaloweae@google.cn,Male,247.206.52.8
376,Virginia,L' Estrange,vlestrangeaf@ca.gov,Female,16.192.64.29
377,Toddie,Cescotti,tcescottiag@cnet.com,Male,103.64.163.165
378,Joelynn,Joynes,jjoynesah@biblegateway.com,Female,247.132.37.90
379,Tadeas,Eyckelbeck,teyckelbeckai@mlb.com,Bigender,154.144.224.117
380,Benjamin,Grzegorzewicz,bgrzegorzewiczaj@loc.gov,Male,162.104.130.29
381,Vite,Dutnell,vdutnellak@ebay.com,Male,41.27.80.164
382,Oralla,Crandon,ocrandonal@sciencedirect.com,Female,115.23.15.93
383,Carlyle,Sheerin,csheerinam@wikispaces.com,Male,231.213.67.63
384,Morgen,Dmitrievski,mdmitrievskian@example.com,Male,209.170.135.215
385,Adelind,Nemchinov,anemchinovao@slashdot.org,Female,39.56.2.30
386,Melisande,Tures,mturesap@ehow.com,Female,40.67.19.224
387,May,Dignall,mdignallaq@dailymotion.com,Female,255.153.253.164
388,Remus,Duesbury,rduesburyar@pagesperso-orange.fr,Male,184.42.18.42
389,Lacee,Jaffra,ljaffraas@wisc.edu,Genderqueer,65.28.203.250
390,Binny,Sandal,bsandalat@msn.com,Female,197.50.55.130
391,Jeannette,Owttrim,jowttrimau@ftc.gov,Genderfluid,95.192.76.114
392,Harmonie,Cox,hcoxav@newsvine.com,Female,192.111.76.202
393,Tomas,Woolerton,twoolertonaw@addtoany.com,Male,43.94.110.141
394,Matthieu,Peddersen,mpeddersenax@cnbc.com,Male,249.53.227.51
395,Catlee,Lassell,classellay@soundcloud.com,Female,232.215.165.129
396,Kingston,Chaters,kchatersaz@g.co,Male,71.34.198.174
397,Ingemar,Brownbridge,ibrownbridgeb0@sbwire.com,Male,79.215.111.50
398,Birgit,Dury,bduryb1@scientificamerican.com,Non-binary,135.83.154.11
399,Jermaine,Nafzger,jnafzgerb2@house.gov,Male,147.155.13.124
400,Chere,Piggott,cpiggottb3@artisteer.com,Female,218.89.206.41
401,Stephine,Longfellow,slongfellowb4@seattletimes.com,Female,46.7.129.197
402,Anson,Halle,ahalleb5@independent.co.uk,Male,221.48.157.161
403,Mace,Giacobelli,mgiacobellib6@photobucket.com,Male,194.137.73.134
404,Guilbert,Corradetti,gcorradettib7@state.tx.us,Male,142.227.237.190
405,Lonnie,Douse,ldouseb8@hc360.com,Male,102.79.240.157
406,Lishe,Passy,lpassyb9@zdnet.com,Female,13.123.74.177
407,Jordan,Kohnert,jkohnertba@digg.com,Genderqueer,105.69.27.205
408,Kirbie,Allcroft,kallcroftbb@mapy.cz,Female,127.142.164.221
409,Malory,Kingsnoad,mkingsnoadbc@addthis.com,Female,24.103.133.203
410,Aldwin,Hutson,ahutsonbd@elegantthemes.com,Male,183.248.97.176
411,Aubrie,Eyes,aeyesbe@tinypic.com,Female,185.134.221.19
412,Errick,Mill,emillbf@blog.com,Bigender,200.106.13.217
413,Adora,Heinemann,aheinemannbg@imageshack.us,Female,14.198.103.190
414,Sergent,Sunnex,ssunnexbh@wunderground.com,Male,117.162.213.22
415,Genna,Romaines,gromainesbi@ning.com,Female,116.102.192.195
416,Tierney,Glenton,tglentonbj@blogs.com,Female,86.148.2.121
417,Julia,Scamerdine,jscamerdinebk@hibu.com,Genderfluid,73.52.51.161
418,Butch,Bayns,bbaynsbl@about.com,Male,247.163.26.5
419,Sammie,O'Crigane,socriganebm@simplemachines.org,Male,208.208.27.7
420,Trumann,Darthe,tdarthebn@yelp.com,Male,166.131.145.200
421,Pepito,Blakeborough,pblakeboroughbo@blogger.com,Male,101.20.99.176
422,Nan,Isted,nistedbp@oracle.com,Female,154.74.212.230
423,Cyndia,Letertre,cletertrebq@shop-pro.jp,Female,197.86.18.154
424,Wilona,Kimbell,wkimbellbr@simplemachines.org,Female,148.172.129.176
425,Julina,Quartermaine,jquartermainebs@posterous.com,Female,204.150.150.49
426,Frannie,Fotherby,ffotherbybt@toplist.cz,Male,24.187.130.56
427,Martelle,Yorath,myorathbu@mac.com,Female,8.42.131.224
428,Caitrin,Drance,cdrancebv@cloudflare.com,Female,240.161.228.179
429,Wynn,Piggott,wpiggottbw@ning.com,Genderfluid,90.229.251.192
430,Gena,Bearcock,gbearcockbx@i2i.jp,Female,132.72.191.179
431,Jereme,Sadler,jsadlerby@squidoo.com,Male,168.33.44.230
432,Elicia,Widdall,ewiddallbz@nytimes.com,Non-binary,32.51.207.228
433,Brooks,Skews,bskewsc0@flavors.me,Male,12.224.139.15
434,Bliss,Pemberton,bpembertonc1@sun.com,Female,104.95.162.38
435,Missie,Berens,mberensc2@geocities.jp,Female,250.12.186.16
436,Kimbell,Moxsom,kmoxsomc3@alexa.com,Male,42.135.54.152
437,Cole,Ridhole,cridholec4@hexun.com,Male,12.117.94.111
438,Griz,Lepper,glepperc5@mac.com,Male,225.37.200.45
439,Terrance,Lugsdin,tlugsdinc6@discovery.com,Male,227.58.126.233
440,Harold,Ancell,hancellc7@sfgate.com,Male,127.250.2.205
441,Ray,Flores,rfloresc8@nifty.com,Male,238.212.49.179
442,Elvina,Goodier,egoodierc9@cbc.ca,Female,156.116.27.214
443,Terence,Winspear,twinspearca@pagesperso-orange.fr,Male,106.110.57.138
444,Lefty,Burdis,lburdiscb@hc360.com,Male,118.79.47.102
445,Renault,Alywen,ralywencc@phoca.cz,Male,154.163.193.69
446,Nerte,McKirdy,nmckirdycd@apple.com,Genderqueer,6.239.126.200
447,Geoffry,Klus,gklusce@hao123.com,Male,112.156.204.143
448,Laraine,Cornau,lcornaucf@github.com,Female,18.151.242.121
449,Pace,Kerins,pkerinscg@bandcamp.com,Male,167.223.251.148
450,Cindy,Croston,ccrostonch@altervista.org,Genderfluid,172.215.36.126
451,Merrily,Hulks,mhulksci@domainmarket.com,Female,50.0.207.198
452,Jacobo,Cuseck,jcuseckcj@hibu.com,Male,91.45.212.143
453,Kelby,Lathaye,klathayeck@prlog.org,Agender,75.14.240.203
454,Mirabel,Passingham,mpassinghamcl@sciencedirect.com,Female,192.124.248.206
455,Saidee,Hows,showscm@blog.com,Female,47.136.78.3
456,Willey,Fried,wfriedcn@addtoany.com,Male,214.33.102.14
457,Dyanna,Le Ball,dleballco@opera.com,Female,15.108.188.63
458,Cleveland,Davidowsky,cdavidowskycp@hhs.gov,Male,47.184.41.24
459,Enoch,Symson,esymsoncq@stanford.edu,Male,109.134.174.203
460,Garek,Kalf,gkalfcr@hubpages.com,Male,45.84.88.219
461,Lari,Barstow,lbarstowcs@flickr.com,Bigender,170.97.6.199
462,Denise,MacGahey,dmacgaheyct@mysql.com,Female,130.28.39.237
463,Evangelina,Simkins,esimkinscu@joomla.org,Female,195.235.239.239
464,Christophorus,Surphliss,csurphlisscv@indiatimes.com,Male,164.181.82.221
465,Gino,Chevis,gcheviscw@rambler.ru,Polygender,83.185.129.84
466,Uta,Nuzzetti,unuzzetticx@usda.gov,Female,142.209.19.205
467,Ashby,Battisson,abattissoncy@sbwire.com,Male,119.152.143.18
468,Paige,Menelaws,pmenelawscz@uiuc.edu,Male,233.175.126.27
469,Cale,Thying,cthyingd0@webnode.com,Male,134.243.101.74
470,Skipton,Soro,ssorod1@blogtalkradio.com,Male,143.205.78.40
471,Minna,Ickovits,mickovitsd2@hugedomains.com,Female,74.162.211.243
472,Hort,Meert,hmeertd3@prlog.org,Male,149.86.194.15
473,Christiana,Spens,cspensd4@icq.com,Female,159.41.81.220
474,Ardra,Treadgall,atreadgalld5@myspace.com,Female,186.24.251.121
475,Abbye,Genner,agennerd6@phpbb.com,Female,47.241.149.188
476,Chrissie,Emery,cemeryd7@a8.net,Female,57.254.40.49
477,Tim,Euler,teulerd8@ox.ac.uk,Female,109.249.186.222
478,Janeczka,Simmonett,jsimmonettd9@arstechnica.com,Female,228.94.213.90
479,Tybalt,Eldrid,teldridda@hatena.ne.jp,Male,55.253.79.123
480,Alexandro,Nodin,anodindb@godaddy.com,Male,157.207.135.155
481,Malcolm,Strafen,mstrafendc@ucoz.ru,Male,201.29.93.114
482,Carroll,Dufaire,cdufairedd@springer.com,Male,13.157.30.42
483,Uri,Zorzutti,uzorzuttide@plala.or.jp,Bigender,161.173.68.238
484,Leelah,Denes,ldenesdf@dell.com,Female,47.135.252.46
485,Ly,Ogus,logusdg@yahoo.com,Male,246.39.156.75
486,Romola,Nisius,rnisiusdh@webs.com,Polygender,133.208.131.156
487,Lukas,Frushard,lfrusharddi@sitemeter.com,Male,188.12.226.167
488,Lou,Riches,lrichesdj@yale.edu,Male,216.36.73.242
489,Bertina,Charter,bcharterdk@t.co,Female,167.169.12.167
490,Mariejeanne,Terrill,mterrilldl@php.net,Female,189.224.27.250
491,Barny,Dewitt,bdewittdm@tmall.com,Male,232.163.168.165
492,Garvy,McWhannel,gmcwhanneldn@feedburner.com,Male,69.241.42.224
493,Rhodia,Rosenwald,rrosenwalddo@geocities.com,Female,162.66.6.119
494,Vinita,Curteis,vcurteisdp@msu.edu,Female,235.9.78.30
495,Marci,Rowbrey,mrowbreydq@jugem.jp,Female,28.58.30.86
496,Linzy,Delaprelle,ldelaprelledr@walmart.com,Female,161.98.177.30
497,My,Holgan,mholgands@hao123.com,Male,164.153.169.125
498,Nikolas,Sahnow,nsahnowdt@examiner.com,Male,50.179.130.19
499,Candide,Borzoni,cborzonidu@imgur.com,Female,156.150.236.163
500,Whitney,Jervis,wjervisdv@mashable.com,Male,36.112.77.20
501,Sebastiano,Sketch,ssketchdw@godaddy.com,Male,220.202.185.167
502,Broderick,Lorie,bloriedx@hexun.com,Male,206.252.178.119
503,Renaldo,Furmston,rfurmstondy@prnewswire.com,Male,202.117.153.159
504,Berthe,Itzhaki,bitzhakidz@theatlantic.com,Female,172.51.52.145
505,Neddy,Laviss,nlavisse0@quantcast.com,Male,153.186.130.72
506,Agretha,Smoth,asmothe1@msu.edu,Female,20.88.37.1
507,Eleonore,Cockerell,ecockerelle2@privacy.gov.au,Female,223.63.123.134
508,Pearce,Kubicka,pkubickae3@sitemeter.com,Male,155.82.11.19
509,Christyna,Hagland,chaglande4@xrea.com,Female,142.121.42.12
510,Cristie,Toope,ctoopee5@prweb.com,Female,21.196.142.91
511,Fidelio,Boundey,fboundeye6@unblog.fr,Male,158.3.232.234
512,Sheree,Dulson,sdulsone7@arstechnica.com,Female,213.129.58.24
513,Jemimah,Bosomworth,jbosomworthe8@yolasite.com,Female,211.37.144.140
514,Tobiah,Bonevant,tbonevante9@abc.net.au,Male,236.119.22.68
515,Artemas,Tedder,atedderea@weather.com,Male,123.170.227.198
516,Dalenna,Phillipp,dphillippeb@cnet.com,Female,57.172.150.201
517,Cart,Arnoult,carnoultec@ehow.com,Male,37.87.184.86
518,Donnell,Hunstone,dhunstoneed@tripadvisor.com,Genderqueer,189.245.233.93
519,Gabe,Stonelake,gstonelakeee@aboutads.info,Male,202.141.42.162
520,Kingston,Paterno,kpaternoef@phpbb.com,Male,215.81.137.201
521,Kareem,Northage,knorthageeg@comcast.net,Male,105.17.72.224
522,Selia,Hembery,shemberyeh@washingtonpost.com,Non-binary,136.190.255.41
523,Sigfried,de Villier,sdevillierei@lulu.com,Male,134.20.241.224
524,Wenona,Comettoi,wcomettoiej@artisteer.com,Genderfluid,57.137.255.31
525,Godfree,Sabathier,gsabathierek@china.com.cn,Male,152.189.115.236
526,Steffie,Joskovitch,sjoskovitchel@aol.com,Female,168.141.159.126
527,Raine,Painter,rpainterem@unesco.org,Female,211.57.135.215
528,Dorise,Legg,dleggen@printfriendly.com,Female,122.221.21.233
529,Chickie,Pym,cpymeo@mayoclinic.com,Male,81.113.86.248
530,Burl,Tamsett,btamsettep@time.com,Male,103.231.9.248
531,Kelly,Honig,khonigeq@seattletimes.com,Male,67.246.39.212
532,Lucila,Jancy,ljancyer@ucoz.com,Female,6.15.245.8
533,Elwood,Stoffel,estoffeles@mail.ru,Male,206.233.115.104
534,Mitchell,Gaitskill,mgaitskillet@ycombinator.com,Male,237.243.112.103
535,Tobey,Winkless,twinklesseu@answers.com,Female,161.87.161.225
536,Nev,Duer,nduerev@liveinternet.ru,Male,134.252.176.45
537,Odette,Bircher,obircherew@epa.gov,Female,229.18.80.149
538,Natalya,Mancktelow,nmancktelowex@joomla.org,Female,48.21.62.220
539,Brockie,Tolworth,btolworthey@shareasale.com,Male,151.36.233.183
540,Adamo,Hollington,ahollingtonez@who.int,Male,195.165.33.36
541,Susann,Dibben,sdibbenf0@kickstarter.com,Female,69.33.78.123
542,Delores,Jowitt,djowittf1@gov.uk,Female,122.220.183.224
543,Eddy,Halsworth,ehalsworthf2@archive.org,Male,158.111.172.180
544,Fiann,Theakston,ftheakstonf3@altervista.org,Female,249.167.19.199
545,Angelina,Kybird,akybirdf4@nsw.gov.au,Polygender,235.158.251.231
546,Debor,De Cruze,ddecruzef5@nationalgeographic.com,Genderfluid,162.25.21.195
547,Hedwiga,Dabbes,hdabbesf6@intel.com,Female,42.127.135.44
548,Judith,Tesche,jteschef7@alibaba.com,Female,69.34.127.115
549,Gerick,Minogue,gminoguef8@usatoday.com,Male,22.147.57.115
550,Mervin,Doohan,mdoohanf9@nyu.edu,Male,14.132.61.79
551,Sharlene,Huffy,shuffyfa@seattletimes.com,Female,213.98.129.1
552,Rina,Fitzsimon,rfitzsimonfb@google.co.jp,Female,57.119.3.109
553,Junie,Rook,jrookfc@irs.gov,Female,143.128.87.11
554,Danielle,Aylmer,daylmerfd@microsoft.com,Female,235.121.149.69
555,Riane,Spaducci,rspaduccife@yellowpages.com,Female,130.186.201.255
556,Lorianne,McGray,lmcgrayff@si.edu,Female,51.253.148.129
557,Bentley,Noton,bnotonfg@skyrock.com,Male,49.106.194.234
558,Claudette,Wybrew,cwybrewfh@meetup.com,Female,154.71.89.29
559,Terrell,Nendick,tnendickfi@photobucket.com,Male,9.41.81.81
560,Lydon,Trump,ltrumpfj@pagesperso-orange.fr,Male,25.145.83.208
561,Joya,Schuster,jschusterfk@indiegogo.com,Female,250.211.63.91
562,Brigitte,Humbell,bhumbellfl@newyorker.com,Female,253.138.161.158
563,Rochell,Jurasz,rjuraszfm@nationalgeographic.com,Female,185.23.34.167
564,Byron,Sumption,bsumptionfn@pcworld.com,Male,64.251.240.102
565,Correna,Dobney,cdobneyfo@goo.ne.jp,Female,241.33.170.78
566,Janeta,Clilverd,jclilverdfp@dagondesign.com,Genderfluid,129.89.42.159
567,Matthias,Bernhart,mbernhartfq@photobucket.com,Male,113.137.239.182
568,Gorden,Whittaker,gwhittakerfr@ebay.com,Male,216.196.170.249
569,Callida,Burns,cburnsfs@prweb.com,Female,28.87.89.71
570,Barb,Melladew,bmelladewft@myspace.com,Female,79.77.20.129
571,Sondra,Arnoldi,sarnoldifu@google.pl,Agender,210.243.192.178
572,Massimo,Hardwin,mhardwinfv@oracle.com,Male,122.107.2.17
573,Dewitt,Chazerand,dchazerandfw@intel.com,Male,32.11.216.184
574,Isabella,Satchell,isatchellfx@printfriendly.com,Female,185.73.222.127
575,Huberto,Dismore,hdismorefy@cocolog-nifty.com,Male,28.181.38.140
576,Tonya,Anniwell,tanniwellfz@delicious.com,Female,185.51.126.232
577,Moira,Ruler,mrulerg0@umn.edu,Female,199.247.252.196
578,Virgie,Domesday,vdomesdayg1@blog.com,Female,181.176.79.194
579,Bettye,Brownsmith,bbrownsmithg2@hibu.com,Female,84.150.241.27
580,Darrick,Delatour,ddelatourg3@mail.ru,Male,117.119.65.54
581,Maryjane,Whybray,mwhybrayg4@hibu.com,Female,68.157.6.16
582,Robyn,Dudman,rdudmang5@printfriendly.com,Female,34.191.125.206
583,Timotheus,Woodwin,twoodwing6@live.com,Male,105.44.44.129
584,Odetta,Jandak,ojandakg7@narod.ru,Female,49.172.18.145
585,Lazare,Lugg,lluggg8@facebook.com,Male,170.226.123.135
586,Gwenore,Swatheridge,gswatheridgeg9@yellowbook.com,Female,35.206.133.95
587,Rudd,Benez,rbenezga@prlog.org,Male,72.14.61.72
588,Karilynn,Allibon,kallibongb@devhub.com,Female,220.18.184.53
589,Ravi,Sheehan,rsheehangc@buzzfeed.com,Male,54.4.197.160
590,Anabal,Shelmardine,ashelmardinegd@tumblr.com,Female,117.255.187.36
591,Ruggiero,Morse,rmorsege@ft.com,Male,72.20.158.210
592,Stefania,Maskell,smaskellgf@zdnet.com,Female,206.70.137.131
593,Coop,Von Salzberg,cvonsalzberggg@bluehost.com,Male,4.152.246.193
594,Xavier,Bettanay,xbettanaygh@yellowbook.com,Male,61.46.134.64
595,Evin,Dupoy,edupoygi@meetup.com,Male,119.182.96.159
596,Reyna,Orring,rorringgj@icio.us,Female,78.35.28.176
597,Ripley,Verey,rvereygk@indiatimes.com,Male,62.252.2.118
598,Jeffrey,Derrington,jderringtongl@rediff.com,Male,68.151.229.44
599,Derek,Tibald,dtibaldgm@pcworld.com,Male,206.179.247.221
600,Stevana,Castaneda,scastanedagn@shareasale.com,Female,202.135.117.105
601,Trude,Brownhill,tbrownhillgo@amazon.com,Female,212.130.191.93
602,Elora,Ambrosch,eambroschgp@berkeley.edu,Female,140.200.161.29
603,Minette,Burgum,mburgumgq@pen.io,Female,66.37.15.91
604,Kendra,Scammell,kscammellgr@51.la,Female,155.0.237.235
605,Jo ann,Stampe,jstampegs@woothemes.com,Genderqueer,227.26.153.102
606,Jedediah,Jeffcoat,jjeffcoatgt@hp.com,Male,202.163.101.85
607,Zulema,Hovie,zhoviegu@kickstarter.com,Female,194.151.115.153
608,Bert,Madine,bmadinegv@163.com,Genderqueer,100.139.241.226
609,Cristabel,Bruhnsen,cbruhnsengw@netscape.com,Female,201.218.185.202
610,Alvie,Paffley,apaffleygx@youtu.be,Male,89.3.159.120
611,Corette,Delbergue,cdelberguegy@tinypic.com,Female,137.177.112.58
612,Elliot,Cowerd,ecowerdgz@umn.edu,Male,69.199.171.39
613,Josefa,Moloney,jmoloneyh0@ebay.com,Female,21.113.163.47
614,Karlie,Abrams,kabramsh1@tmall.com,Female,169.90.26.113
615,Giselbert,Jancey,gjanceyh2@cpanel.net,Genderfluid,104.115.116.215
616,Simon,Bennallck,sbennallckh3@bloglines.com,Male,62.204.131.225
617,Jordan,Croson,jcrosonh4@blog.com,Male,248.7.138.62
618,Halsey,Stoile,hstoileh5@blog.com,Male,205.103.100.104
619,Andra,Cicconettii,acicconettiih6@gnu.org,Female,162.34.70.102
620,Lorine,Ferrieres,lferrieresh7@discuz.net,Female,139.209.6.63
621,Chlo,MacKegg,cmackeggh8@mozilla.com,Female,127.172.0.76
622,Lenard,Griss,lgrissh9@sitemeter.com,Male,40.121.223.239
623,Pascale,Streeting,pstreetingha@amazon.co.jp,Male,246.58.106.199
624,Kirstyn,Grzeszczyk,kgrzeszczykhb@ebay.com,Female,62.214.166.179
625,Trudie,Keford,tkefordhc@youtu.be,Female,224.69.44.50
626,Mace,Olanda,molandahd@rediff.com,Male,17.157.104.189
627,Farica,Wybrew,fwybrewhe@telegraph.co.uk,Female,242.113.47.150
628,Virgil,Lunge,vlungehf@skyrock.com,Male,224.75.180.15
629,Wendall,Baal,wbaalhg@cpanel.net,Male,23.195.72.145
630,Sidnee,Sidnall,ssidnallhh@cloudflare.com,Non-binary,110.10.154.98
631,Calla,Prandoni,cprandonihi@squarespace.com,Female,35.150.139.94
632,Bevan,Swallow,bswallowhj@ftc.gov,Male,201.15.52.48
633,Junie,Hockey,jhockeyhk@icq.com,Female,122.215.182.87
634,Siana,Riddles,sriddleshl@boston.com,Female,213.85.209.59
635,Aldrich,Hardes,ahardeshm@hubpages.com,Male,94.182.78.229
636,Redd,Lamacraft,rlamacrafthn@bandcamp.com,Male,36.237.119.174
637,Dolf,Petters,dpettersho@ftc.gov,Male,49.238.5.146
638,Gaspard,Massimi,gmassimihp@google.com.hk,Male,192.47.81.130
639,Tito,McGunley,tmcgunleyhq@smugmug.com,Male,49.89.157.179
640,Yorgos,Constable,yconstablehr@homestead.com,Male,193.236.221.65
641,Christy,Diver,cdiverhs@icio.us,Male,137.180.16.166
642,Traver,Handslip,thandslipht@e-recht24.de,Male,243.190.170.168
643,Bartholomew,Simants,bsimantshu@usatoday.com,Male,121.22.189.37
644,Bret,Coalburn,bcoalburnhv@marriott.com,Male,204.86.62.75
645,Cad,Londesborough,clondesboroughhw@msu.edu,Male,214.189.227.166
646,Gerhard,Tedorenko,gtedorenkohx@miitbeian.gov.cn,Male,87.60.37.44
647,Kennan,Swindles,kswindleshy@indiegogo.com,Male,231.211.160.83
648,Meris,Andrioni,mandrionihz@storify.com,Genderqueer,158.28.75.42
649,Lew,Harper,lharperi0@geocities.com,Male,5.250.112.250
650,Cordey,Lovelock,clovelocki1@pen.io,Female,241.99.152.71
651,Ange,Dunbavin,adunbavini2@shinystat.com,Male,120.102.28.154
652,Curtice,Dodgshun,cdodgshuni3@deliciousdays.com,Male,190.136.97.19
653,Clementius,Condon,ccondoni4@telegraph.co.uk,Male,28.247.21.206
654,Tamma,MacAllen,tmacalleni5@4shared.com,Bigender,164.206.81.83
655,Margeaux,Caughtry,mcaughtryi6@google.nl,Female,138.85.46.47
656,Roosevelt,Blare,rblarei7@marketwatch.com,Male,176.22.122.195
657,Englebert,Burkinshaw,eburkinshawi8@discovery.com,Polygender,196.22.81.234
658,Evyn,Nolte,enoltei9@amazon.de,Male,136.152.220.204
659,Nahum,Wyllcock,nwyllcockia@si.edu,Male,148.209.210.222
660,Meredith,Sponer,msponerib@economist.com,Female,171.249.19.59
661,Marjory,Eicheler,meicheleric@mail.ru,Female,112.98.29.99
662,Sonya,Banbury,sbanburyid@ucoz.com,Female,243.208.1.235
663,Rey,St. Aubyn,rstaubynie@google.cn,Male,11.12.107.239
664,Wendel,Lancashire,wlancashireif@pbs.org,Male,202.36.127.223
665,Rakel,Clevely,rclevelyig@free.fr,Female,65.225.167.105
666,Cassey,Blaxall,cblaxallih@linkedin.com,Female,151.236.84.6
667,Erinna,Risebrow,erisebrowii@time.com,Agender,44.179.147.71
668,Lorrie,Killcross,lkillcrossij@issuu.com,Female,55.248.245.238
669,Yalonda,Sudron,ysudronik@addtoany.com,Female,228.0.10.85
670,Brenn,Whittock,bwhittockil@alexa.com,Female,225.87.85.215
671,Killy,McBain,kmcbainim@google.co.uk,Genderfluid,110.87.31.142
672,Matilde,Peach,mpeachin@wix.com,Female,226.65.232.78
673,Ellyn,Toffaloni,etoffaloniio@photobucket.com,Female,32.132.24.97
674,Biron,Lockyear,blockyearip@freewebs.com,Male,123.182.2.147
675,Emylee,Riding,eridingiq@indiegogo.com,Genderqueer,125.130.113.6
676,Aveline,Prebble,aprebbleir@sogou.com,Female,66.215.146.106
677,Moll,Jeduch,mjeduchis@examiner.com,Female,4.218.22.124
678,Tonya,Brew,tbrewit@behance.net,Female,187.99.16.122
679,Koral,Faulds,kfauldsiu@barnesandnoble.com,Female,103.54.145.234
680,Martin,Brabender,mbrabenderiv@sun.com,Male,204.55.84.234
681,Quintus,Oyley,qoyleyiw@ameblo.jp,Male,77.10.87.94
682,Obadias,Dresche,odrescheix@forbes.com,Male,65.66.228.195
683,Fae,Stonard,fstonardiy@constantcontact.com,Female,62.54.32.175
684,Dale,Whitford,dwhitfordiz@wix.com,Genderqueer,97.246.66.253
685,Marlane,Winnett,mwinnettj0@hexun.com,Female,151.52.248.134
686,Tessa,Raimbauld,traimbauldj1@jiathis.com,Female,212.52.167.203
687,Olivero,Bauldrey,obauldreyj2@vinaora.com,Male,61.47.95.19
688,Vitia,Aggett,vaggettj3@cpanel.net,Female,129.230.98.196
689,Olivia,Imlacke,oimlackej4@51.la,Female,87.207.153.80
690,Stanislaus,Carlsson,scarlssonj5@chronoengine.com,Male,210.199.192.50
691,Gae,Mixer,gmixerj6@oakley.com,Female,67.44.190.149
692,Emmott,Geddes,egeddesj7@mac.com,Male,221.249.188.192
693,Emerson,Kedwell,ekedwellj8@yahoo.co.jp,Bigender,94.54.36.4
694,Enos,Hollington,ehollingtonj9@a8.net,Male,235.39.143.146
695,Byran,Woolway,bwoolwayja@networksolutions.com,Male,5.20.11.8
696,Gabie,Kreuzer,gkreuzerjb@g.co,Male,196.154.165.229
697,Leonore,Laviss,llavissjc@who.int,Female,158.107.37.80
698,Sile,Trewhella,strewhellajd@creativecommons.org,Female,102.95.45.131
699,Merrili,Flowerden,mflowerdenje@amazon.de,Female,213.190.242.74
700,Kate,Hanaby,khanabyjf@rediff.com,Female,253.209.251.166
701,Ilsa,Keavy,ikeavyjg@answers.com,Female,161.162.143.139
702,Salem,Tracey,straceyjh@eepurl.com,Male,77.38.223.233
703,Tyrone,Matysiak,tmatysiakji@wikipedia.org,Male,92.148.135.214
704,Pip,Preskett,ppreskettjj@webeden.co.uk,Genderfluid,173.79.167.30
705,Rurik,Spearing,rspearingjk@chicagotribune.com,Male,247.236.218.240
706,Constanta,Okill,cokilljl@goo.ne.jp,Female,221.249.89.248
707,Lucine,Radmore,lradmorejm@bbb.org,Female,120.10.143.70
708,Powell,Gerardin,pgerardinjn@cdbaby.com,Male,134.122.17.211
709,Goldie,Ellingham,gellinghamjo@youtu.be,Female,3.121.134.52
710,Emmaline,Batstone,ebatstonejp@moonfruit.com,Female,169.5.195.203
711,Donielle,Etuck,detuckjq@squidoo.com,Polygender,197.98.167.128
712,Moishe,Pyke,mpykejr@feedburner.com,Male,41.77.70.124
713,Rivalee,Yurchishin,ryurchishinjs@t.co,Female,9.197.249.158
714,Trefor,Percifull,tpercifulljt@booking.com,Male,94.164.249.65
715,Rowan,Habbershon,rhabbershonju@dedecms.com,Male,62.3.246.147
716,Sibyl,Camplejohn,scamplejohnjv@devhub.com,Female,180.13.62.57
717,Shelia,Dethloff,sdethloffjw@europa.eu,Female,43.184.225.190
718,Halsy,Kiefer,hkieferjx@biglobe.ne.jp,Male,92.226.250.95
719,Denny,Longford,dlongfordjy@constantcontact.com,Agender,183.226.9.1
720,Sauncho,Thuillier,sthuillierjz@yellowbook.com,Male,161.13.48.213
721,Phaedra,Flahy,pflahyk0@wired.com,Female,188.218.225.38
722,Carny,Lovell,clovellk1@posterous.com,Agender,247.137.92.203
723,Nichole,Goodacre,ngoodacrek2@zimbio.com,Female,3.216.5.199
724,Darya,Kynvin,dkynvink3@xinhuanet.com,Female,188.220.216.187
725,Haskel,Gooderidge,hgooderidgek4@imdb.com,Male,183.155.49.230
726,Robbie,Hardwidge,rhardwidgek5@jimdo.com,Male,237.244.197.243
727,Sherline,Peete,speetek6@umn.edu,Female,77.43.246.199
728,Reginauld,Tingle,rtinglek7@accuweather.com,Male,94.136.113.196
729,Lionello,Cretney,lcretneyk8@dailymotion.com,Male,8.101.224.65
730,Adriane,Abbie,aabbiek9@oaic.gov.au,Female,76.136.5.16
731,Leann,Goare,lgoareka@flavors.me,Female,212.90.60.47
732,Skipp,Thorndycraft,sthorndycraftkb@hexun.com,Bigender,185.124.188.37
733,Sallee,Grout,sgroutkc@springer.com,Polygender,92.207.50.72
734,Arman,MacKimm,amackimmkd@photobucket.com,Bigender,69.219.136.47
735,Marcie,Bewshire,mbewshireke@google.cn,Non-binary,69.202.199.90
736,Galvan,Barnewell,gbarnewellkf@plala.or.jp,Male,73.176.109.230
737,Romonda,McGavin,rmcgavinkg@gmpg.org,Female,40.47.76.46
738,Granny,Fairham,gfairhamkh@mtv.com,Male,106.251.124.81
739,Wadsworth,Geaney,wgeaneyki@marriott.com,Male,108.86.29.48
740,Normand,McCague,nmccaguekj@godaddy.com,Male,89.42.222.177
741,Analiese,Leafe,aleafekk@rambler.ru,Female,157.61.117.138
742,Sax,Strewthers,sstrewtherskl@yelp.com,Male,245.174.48.21
743,Charissa,Sima,csimakm@studiopress.com,Female,135.101.35.212
744,Marshall,Giacobillo,mgiacobillokn@eventbrite.com,Male,183.217.118.50
745,Karil,Egdale,kegdaleko@newyorker.com,Female,66.46.85.84
746,Chalmers,Lowten,clowtenkp@php.net,Male,197.1.52.249
747,Louise,Van Halen,lvanhalenkq@barnesandnoble.com,Female,135.6.194.74
748,Alicea,Algore,aalgorekr@utexas.edu,Female,55.163.139.45
749,Johnna,Jacquemot,jjacquemotks@kickstarter.com,Female,9.187.65.182
750,Fannie,Crawshay,fcrawshaykt@mac.com,Female,25.112.26.217
751,Jamesy,Pennick,jpennickku@mtv.com,Male,198.253.123.139
752,Archer,Echlin,aechlinkv@europa.eu,Male,24.75.198.59
753,Erl,Gozzard,egozzardkw@stanford.edu,Male,34.174.101.108
754,Jillene,Beamand,jbeamandkx@altervista.org,Female,141.141.135.5
755,Biron,Mattioli,bmattioliky@fotki.com,Male,191.70.123.102
756,Mannie,Noraway,mnorawaykz@shop-pro.jp,Male,135.205.79.66
757,Gus,Zannolli,gzannollil0@51.la,Male,86.112.68.125
758,Tadeo,Keaveney,tkeaveneyl1@zimbio.com,Male,220.154.115.112
759,Daisi,Pardoe,dpardoel2@prweb.com,Female,22.95.45.250
760,Mattie,Piechnik,mpiechnikl3@hhs.gov,Female,99.40.64.74
761,Adelina,Genever,ageneverl4@gmpg.org,Female,142.254.73.134
762,Garek,Stoyle,gstoylel5@uol.com.br,Male,64.221.160.254
763,Donaugh,Sainthill,dsainthilll6@hao123.com,Male,195.133.204.151
764,Holly,Walls,hwallsl7@alibaba.com,Male,84.244.110.181
765,Keri,Wedge,kwedgel8@princeton.edu,Female,226.27.6.202
766,Ernestine,Spacy,espacyl9@prnewswire.com,Female,146.232.28.238
767,Kev,Sans,ksansla@walmart.com,Male,153.176.150.53
768,Glyn,Maypole,gmaypolelb@deviantart.com,Male,221.241.14.91
769,Joell,Toma,jtomalc@usa.gov,Female,29.62.171.197
770,Quint,Thebes,qthebesld@opera.com,Male,201.202.234.222
771,Lian,Vaen,lvaenle@constantcontact.com,Female,193.210.132.96
772,Lothario,Densey,ldenseylf@goo.gl,Male,240.43.135.203
773,Ely,Laffan,elaffanlg@qq.com,Male,41.208.240.204
774,Pat,Jecock,pjecocklh@skyrock.com,Male,43.239.149.97
775,Alejoa,Houlson,ahoulsonli@trellian.com,Male,29.126.23.250
776,Carlee,Snoddon,csnoddonlj@state.tx.us,Genderqueer,162.1.252.22
777,Nichol,Pinkard,npinkardlk@e-recht24.de,Female,150.65.87.232
778,Karlis,Tuffrey,ktuffreyll@edublogs.org,Male,229.15.177.202
779,Theresita,Kinahan,tkinahanlm@umn.edu,Female,49.149.47.57
780,Thorndike,Shields,tshieldsln@php.net,Male,216.39.190.24
781,Kristoforo,Runham,krunhamlo@theguardian.com,Male,254.42.126.222
782,Henrik,Baigent,hbaigentlp@wordpress.org,Male,108.117.253.131
783,Stan,McIlhatton,smcilhattonlq@deviantart.com,Agender,18.114.200.238
784,Xever,Adamowicz,xadamowiczlr@i2i.jp,Male,5.204.193.91
785,Palm,Bullin,pbullinls@imageshack.us,Male,181.227.57.111
786,Marillin,Hernik,mherniklt@xinhuanet.com,Female,18.74.188.250
787,Joachim,Pellitt,jpellittlu@biglobe.ne.jp,Male,185.53.13.78
788,Christiano,Hargreves,chargreveslv@w3.org,Male,193.112.142.249
789,Levin,Hufton,lhuftonlw@bluehost.com,Male,254.202.253.99
790,Debi,Schwier,dschwierlx@google.cn,Female,207.151.192.209
791,Luella,Waison,lwaisonly@cloudflare.com,Female,118.60.111.5
792,Ceil,Klosterman,cklostermanlz@twitter.com,Female,245.167.208.174
793,Wilden,Cicchillo,wcicchillom0@clickbank.net,Polygender,42.254.92.148
794,Arlyn,Haug,ahaugm1@com.com,Female,135.142.71.253
795,Minda,Godain,mgodainm2@walmart.com,Female,143.241.253.248
796,Lev,Dofty,ldoftym3@sakura.ne.jp,Genderfluid,75.183.33.121
797,Esme,Becks,ebecksm4@istockphoto.com,Female,86.241.27.30
798,Cristal,Cohrs,ccohrsm5@biblegateway.com,Female,170.255.111.196
799,Gwennie,Wilacot,gwilacotm6@tiny.cc,Non-binary,19.100.189.58
800,Peggy,Reddish,preddishm7@xing.com,Female,23.111.246.142
801,Ben,Mordacai,bmordacaim8@harvard.edu,Male,178.223.211.97
802,Lenore,Benyon,lbenyonm9@google.com.au,Female,142.122.132.20
803,Cordie,Freyne,cfreynema@github.com,Male,42.24.154.196
804,Aurel,Wickersham,awickershammb@4shared.com,Female,14.84.80.102
805,Catlin,Gandley,cgandleymc@discuz.net,Female,230.18.7.29
806,Analise,Christofor,achristoformd@hud.gov,Female,72.153.38.50
807,Anitra,Wyvill,awyvillme@irs.gov,Female,233.184.135.92
808,Reinhard,Nisen,rnisenmf@nature.com,Male,10.132.3.111
809,Pierson,Murfill,pmurfillmg@dion.ne.jp,Male,166.96.236.31
810,Grazia,Briand,gbriandmh@xinhuanet.com,Female,76.61.141.129
811,Gwenny,Anslow,ganslowmi@usatoday.com,Female,125.198.36.159
812,Charmian,Gerhartz,cgerhartzmj@sbwire.com,Female,13.193.247.150
813,Ardelia,Mitkcov,amitkcovmk@slashdot.org,Female,45.22.223.119
814,Roxine,Lob,rlobml@auda.org.au,Female,126.26.159.50
815,Ermin,Woloschinski,ewoloschinskimm@reddit.com,Male,243.91.105.198
816,Marnia,MacRanald,mmacranaldmn@nyu.edu,Female,16.48.153.194
817,Grace,Kilfeder,gkilfedermo@xrea.com,Genderfluid,79.105.210.25
818,Ailyn,Gambie,agambiemp@ed.gov,Female,11.62.44.60
819,Bunnie,Taphouse,btaphousemq@zimbio.com,Female,196.164.135.197
820,Calypso,Treversh,ctrevershmr@sitemeter.com,Genderqueer,15.132.82.61
821,Yetty,Stovin,ystovinms@nydailynews.com,Female,105.194.171.243
822,Saunder,Thorington,sthoringtonmt@blogs.com,Male,0.152.205.237
823,Aida,Emmett,aemmettmu@ebay.co.uk,Female,177.26.248.19
824,Sim,Rupp,sruppmv@t-online.de,Male,195.226.88.10
825,Midge,Sunock,msunockmw@naver.com,Agender,232.226.66.180
826,Lynne,Liggett,lliggettmx@aboutads.info,Female,231.158.73.152
827,Addi,Hovy,ahovymy@digg.com,Female,89.17.40.90
828,Martha,Pawlowicz,mpawlowiczmz@vimeo.com,Female,79.28.54.143
829,Hi,McLay,hmclayn0@macromedia.com,Male,94.14.51.206
830,Thomas,Attewell,tattewelln1@4shared.com,Male,208.158.251.13
831,Norbie,Joney,njoneyn2@pen.io,Male,237.81.144.176
832,Nathanial,Sherringham,nsherringhamn3@hubpages.com,Male,210.162.195.88
833,Patrizius,Kelsell,pkelselln4@1und1.de,Male,8.128.185.90
834,Babara,Dartnell,bdartnelln5@unicef.org,Genderqueer,250.102.70.140
835,Grady,Mitchenson,gmitchensonn6@taobao.com,Male,204.42.250.163
836,Anthiathia,Vila,avilan7@state.tx.us,Female,121.32.21.156
837,Reinold,Dinnington,rdinningtonn8@toplist.cz,Male,81.18.254.71
838,Colly,Petris,cpetrisn9@shop-pro.jp,Female,228.171.222.41
839,Davey,Alchin,dalchinna@archive.org,Male,12.8.169.249
840,Leesa,Philbin,lphilbinnb@vkontakte.ru,Female,241.107.149.54
841,Chip,Stealy,cstealync@wikia.com,Male,92.60.118.32
842,Egbert,Juan,ejuannd@cisco.com,Male,77.204.179.188
843,Darnall,Tomas,dtomasne@qq.com,Male,116.233.125.40
844,Elysha,Edelmann,eedelmannnf@symantec.com,Female,115.101.206.36
845,Babette,Kirwan,bkirwanng@blog.com,Female,210.31.175.66
846,Kelsi,Regi,kreginh@si.edu,Agender,115.227.35.29
847,Kerry,Spaldin,kspaldinni@ucsd.edu,Male,72.190.222.237
848,Jo,Seathwright,jseathwrightnj@netvibes.com,Male,225.206.44.74
849,Mortimer,Chadband,mchadbandnk@mediafire.com,Non-binary,229.93.180.183
850,Maxie,Gilyott,mgilyottnl@skype.com,Genderfluid,47.191.67.113
851,Bobbi,Spooner,bspoonernm@aboutads.info,Female,168.62.120.83
852,Otis,MacMechan,omacmechannn@godaddy.com,Male,184.243.72.231
853,Wanids,Bonicelli,wbonicellino@jalbum.net,Female,239.138.75.227
854,Ira,Belch,ibelchnp@eepurl.com,Male,87.123.55.88
855,Ryon,Iannitti,riannittinq@storify.com,Male,166.5.143.144
856,Sheilah,Scimone,sscimonenr@ihg.com,Female,32.244.111.51
857,Konstance,Huffadine,khuffadinens@mac.com,Female,160.109.43.60
858,Karlene,Baytrop,kbaytropnt@mtv.com,Female,136.31.158.138
859,Flor,Bunt,fbuntnu@wordpress.org,Female,105.189.143.122
860,Suzann,Paddy,spaddynv@upenn.edu,Female,58.64.132.50
861,Dode,Varran,dvarrannw@admin.ch,Female,222.215.130.243
862,Delphine,Howle,dhowlenx@blinklist.com,Female,44.206.58.67
863,Valaree,Swiffin,vswiffinny@chronoengine.com,Genderfluid,137.32.123.91
864,Sylvan,Drance,sdrancenz@whitehouse.gov,Bigender,27.22.243.204
865,Lynett,Ailsbury,lailsburyo0@google.cn,Female,108.163.51.35
866,Tani,Houndson,thoundsono1@sfgate.com,Female,57.82.70.36
867,Tann,Cecil,tcecilo2@last.fm,Male,78.239.203.152
868,Cherise,Orange,corangeo3@usgs.gov,Female,128.243.133.7
869,Quill,Ewenson,qewensono4@google.pl,Male,92.209.85.99
870,Lewes,Kettlesting,lkettlestingo5@yelp.com,Male,98.201.92.57
871,Adelaide,Mochar,amocharo6@bing.com,Female,9.244.201.69
872,Abdel,Hattigan,ahattigano7@creativecommons.org,Male,196.192.163.10
873,Mercy,Ritchings,mritchingso8@vistaprint.com,Female,16.202.98.88
874,Michelle,Colebourn,mcolebourno9@loc.gov,Female,24.18.106.93
875,Alexis,McIlrath,amcilrathoa@ocn.ne.jp,Female,8.36.241.175
876,Roshelle,Toma,rtomaob@exblog.jp,Female,102.115.105.146
877,Trey,Vampouille,tvampouilleoc@hibu.com,Male,139.224.44.150
878,Annabell,Buyers,abuyersod@stanford.edu,Agender,203.182.96.162
879,Katerine,Clayfield,kclayfieldoe@un.org,Female,79.249.3.251
880,Leandra,Lynett,llynettof@stumbleupon.com,Female,180.212.121.78
881,Binnie,Gilberthorpe,bgilberthorpeog@phoca.cz,Female,33.202.10.60
882,Estelle,Clines,eclinesoh@amazon.co.jp,Female,161.193.68.226
883,Wandis,Eastway,weastwayoi@biblegateway.com,Female,183.68.113.219
884,Stephen,Ditch,sditchoj@usnews.com,Male,183.33.19.182
885,Roderich,Le Pruvost,rlepruvostok@t-online.de,Male,245.187.191.90
886,Maribel,Brewett,mbrewettol@cargocollective.com,Female,29.110.179.120
887,Merissa,Benallack,mbenallackom@t.co,Female,30.209.128.44
888,Steven,Philipson,sphilipsonon@1688.com,Male,183.47.91.238
889,Valentine,Dossantos,vdossantosoo@networkadvertising.org,Male,201.138.125.43
890,Kip,Chatainier,kchatainierop@netvibes.com,Female,51.172.181.116
891,Fielding,Prothero,fprotherooq@google.es,Male,251.48.158.164
892,Geordie,Powlett,gpowlettor@tmall.com,Male,180.223.116.41
893,Ced,Dodsley,cdodsleyos@baidu.com,Male,34.156.128.187
894,Adara,Imlock,aimlockot@foxnews.com,Female,192.223.202.163
895,Rosalynd,Eplate,replateou@wired.com,Genderqueer,205.161.67.9
896,Gerhardt,Herreros,gherrerosov@sogou.com,Male,246.187.123.61
897,Chloris,Fransson,cfranssonow@hp.com,Non-binary,245.115.47.249
898,Eugenia,Fosher,efosherox@symantec.com,Female,44.245.35.217
899,Shelly,Negus,snegusoy@japanpost.jp,Female,21.246.222.43
900,April,Assard,aassardoz@surveymonkey.com,Female,107.91.198.52
901,Marcelle,Joannic,mjoannicp0@ihg.com,Female,3.173.69.180
902,Cassandry,Syde,csydep1@java.com,Female,105.178.181.128
903,Chelsea,Bynold,cbynoldp2@nba.com,Female,93.255.74.202
904,Alfy,Fursse,afurssep3@ft.com,Female,75.197.188.135
905,Zedekiah,Cowlam,zcowlamp4@slate.com,Male,59.2.98.77
906,Annalise,Durning,adurningp5@umich.edu,Bigender,25.170.20.33
907,Godart,Pendell,gpendellp6@about.com,Male,183.142.129.72
908,Land,Claw,lclawp7@aboutads.info,Male,50.122.166.190
909,Louisa,Gabbitis,lgabbitisp8@bbc.co.uk,Female,106.101.64.9
910,Querida,Tybalt,qtybaltp9@mapy.cz,Female,109.79.155.28
911,Wilbert,Davidou,wdavidoupa@nasa.gov,Non-binary,14.2.245.152
912,Fidelia,Tomasik,ftomasikpb@mail.ru,Female,48.74.241.18
913,Benjamen,Playfoot,bplayfootpc@behance.net,Non-binary,244.93.95.77
914,Valdemar,Judge,vjudgepd@independent.co.uk,Male,152.151.193.31
915,Baryram,Durdy,bdurdype@wikimedia.org,Male,133.210.43.151
916,Barnard,Ruilton,bruiltonpf@reuters.com,Male,35.230.59.190
917,Onofredo,Tolcharde,otolchardepg@discuz.net,Male,76.92.203.25
918,Arley,Hethron,ahethronph@ebay.co.uk,Genderqueer,104.7.253.142
919,Harlie,Stoyle,hstoylepi@hatena.ne.jp,Female,27.125.121.203
920,Lidia,Le Marchand,llemarchandpj@webeden.co.uk,Female,54.131.111.6
921,Erl,Gaynor,egaynorpk@over-blog.com,Male,214.138.75.201
922,Hewie,Otton,hottonpl@ezinearticles.com,Male,142.141.104.219
923,Mersey,Fusedale,mfusedalepm@archive.org,Female,182.167.214.76
924,Maire,Klawi,mklawipn@tinypic.com,Female,133.156.224.5
925,Lockwood,Litherborough,llitherboroughpo@unicef.org,Male,79.183.3.14
926,Libby,Chattington,lchattingtonpp@about.me,Female,106.188.144.27
927,Kally,Najafian,knajafianpq@xinhuanet.com,Female,247.152.109.65
928,Nada,Grimley,ngrimleypr@bigcartel.com,Female,10.211.206.104
929,Brander,Aubray,baubrayps@bigcartel.com,Male,129.158.205.104
930,Gustie,Yerborn,gyerbornpt@oracle.com,Female,216.201.145.159
931,Lenka,Worsall,lworsallpu@cpanel.net,Female,46.65.54.162
932,Duffy,Matts,dmattspv@sciencedirect.com,Male,57.123.126.147
933,Jon,Mussared,jmussaredpw@archive.org,Male,183.235.124.218
934,Padget,Arden,pardenpx@samsung.com,Male,138.191.149.181
935,Skippy,Buckam,sbuckampy@yale.edu,Male,213.253.187.152
936,Kipper,Allsworth,kallsworthpz@examiner.com,Male,121.174.68.143
937,Urban,Ghost,ughostq0@google.de,Agender,107.163.207.87
938,Lesli,Carvill,lcarvillq1@mlb.com,Female,183.12.85.138
939,Renell,Wyllie,rwyllieq2@weebly.com,Non-binary,156.32.32.71
940,Constantine,Vallintine,cvallintineq3@umich.edu,Female,7.210.106.3
941,Zebulen,Incogna,zincognaq4@privacy.gov.au,Male,140.243.196.232
942,Rockwell,Paquet,rpaquetq5@msu.edu,Male,46.41.46.97
943,Monah,Growcott,mgrowcottq6@edublogs.org,Female,55.224.31.231
944,Kinsley,Gaukrodge,kgaukrodgeq7@discovery.com,Male,8.247.98.162
945,Talbot,Jatczak,tjatczakq8@goo.gl,Male,131.229.220.165
946,Alvie,Brundill,abrundillq9@census.gov,Male,193.104.189.42
947,Keen,Swadlin,kswadlinqa@ucoz.com,Male,118.194.91.38
948,Ber,Teesdale,bteesdaleqb@hao123.com,Male,50.175.156.250
949,Verile,Tebbit,vtebbitqc@vk.com,Female,194.5.200.221
950,Gradey,Berget,gbergetqd@hexun.com,Male,133.184.86.25
951,Nickolas,Bennike,nbennikeqe@examiner.com,Male,144.24.132.146
952,Kelsey,Crouch,kcrouchqf@wsj.com,Bigender,65.164.241.185
953,Lauree,Simnell,lsimnellqg@merriam-webster.com,Female,114.134.254.44
954,Mercedes,Marcombe,mmarcombeqh@printfriendly.com,Female,62.212.104.204
955,Rosaleen,Southgate,rsouthgateqi@alexa.com,Female,118.185.249.190
956,Nan,Graundisson,ngraundissonqj@squarespace.com,Female,116.199.102.171
957,Ignacius,Yatman,iyatmanqk@google.cn,Male,114.118.110.61
958,Alfred,Brand-Hardy,abrandhardyql@is.gd,Male,250.242.67.21
959,Davey,Fetters,dfettersqm@nifty.com,Male,56.248.228.219
960,Alair,Forlong,aforlongqn@delicious.com,Male,197.120.246.96
961,Lazaro,Joscelin,ljoscelinqo@pen.io,Male,103.57.161.187
962,Lauraine,Gowen,lgowenqp@lycos.com,Female,59.71.244.250
963,Amity,Bartholomew,abartholomewqq@huffingtonpost.com,Female,164.44.117.183
964,Jourdain,Streak,jstreakqr@spotify.com,Male,224.14.241.27
965,Ethelyn,Mitchelmore,emitchelmoreqs@addtoany.com,Female,145.112.142.130
966,Allene,Sallings,asallingsqt@nature.com,Female,31.189.244.75
967,Bianka,Kentwell,bkentwellqu@tinypic.com,Female,184.204.88.35
968,Ellary,Meneux,emeneuxqv@123-reg.co.uk,Male,184.244.144.29
969,Arlen,McGeffen,amcgeffenqw@nih.gov,Female,218.64.17.171
970,Haslett,McInteer,hmcinteerqx@liveinternet.ru,Male,33.43.103.160
971,Meagan,Davenall,mdavenallqy@bandcamp.com,Female,116.92.199.199
972,Rona,MacParland,rmacparlandqz@answers.com,Female,34.134.204.210
973,Moises,Hynson,mhynsonr0@businessinsider.com,Male,81.8.77.101
974,Courtney,Djorvic,cdjorvicr1@bloglines.com,Male,73.248.223.136
975,Elysee,Krikorian,ekrikorianr2@freewebs.com,Female,28.163.95.25
976,Gilberto,Buxsey,gbuxseyr3@list-manage.com,Male,74.105.67.238
977,Perceval,Buxcy,pbuxcyr4@goodreads.com,Male,35.76.160.18
978,Colene,Ault,caultr5@digg.com,Female,33.62.15.122
979,Coleen,Winser,cwinserr6@youtu.be,Female,236.181.82.14
980,Estrella,Eads,eeadsr7@nsw.gov.au,Agender,156.1.16.50
981,Benton,Lethbury,blethburyr8@buzzfeed.com,Male,101.2.53.114
982,Jessie,Munn,jmunnr9@nasa.gov,Male,135.250.242.89
983,Roana,Mundford,rmundfordra@engadget.com,Female,218.164.43.209
984,Ajay,Manolov,amanolovrb@topsy.com,Female,163.77.155.194
985,Kalle,Copnall,kcopnallrc@macromedia.com,Male,99.35.79.65
986,Carissa,Ellerey,cellereyrd@wikia.com,Female,66.187.209.16
987,Rustie,Ambroz,rambrozre@twitter.com,Agender,163.154.220.122
988,Bram,Orpin,borpinrf@github.io,Male,169.220.89.183
989,Winona,Sutherel,wsutherelrg@mapy.cz,Female,113.183.111.128
990,Nelly,Obbard,nobbardrh@sohu.com,Female,184.45.48.88
991,Farlay,Kenningham,fkenninghamri@soundcloud.com,Male,154.208.151.3
992,Sophie,Wilshere,swilshererj@smh.com.au,Bigender,228.11.52.105
993,Noni,Barbour,nbarbourrk@smh.com.au,Female,229.240.74.119
994,Bernadina,Matuszewski,bmatuszewskirl@ustream.tv,Female,65.149.108.124
995,Guenna,De la Perrelle,gdelaperrellerm@wix.com,Non-binary,132.44.214.51
996,Lewiss,Vautre,lvautrern@usnews.com,Male,36.132.72.238
997,Derrik,Satcher,dsatcherro@apache.org,Male,65.178.52.196
998,Ogdan,Guillard,oguillardrp@engadget.com,Male,162.193.135.242
999,Federica,Juster,fjusterrq@liveinternet.ru,Female,165.24.5.101
1000,Loretta,Durie,ldurierr@mayoclinic.com,Female,213.225.109.94
