1,Snowsill, Abbey,asnowsill0@deliciousdays.com,160.84.47.71
3,Batson, Northrop,nbatson2@w3.org,97.155.104.225
4,Lorkings, Amity,alorkings3@etsy.com,48.69.139.164
5,Denver, Alejoa,adenver4@domainmarket.com,166.184.47.4
7,Heigold, Orazio,oheigold6@intel.com,103.91.52.190
8,Spiniello, Wendel,wspiniello7@mozilla.com,29.94.128.202
9,Bourhill, Moise,mbourhill8@a8.net,31.164.128.88
10,Sterman, Nancie,nsterman9@mapy.cz,127.42.212.230
11,Heap, Roddy,rheapa@loc.gov,21.184.190.0
12,Walas, Amber,awalasb@comcast.net,242.33.1.120
13,McAlpine, Bessy,bmcalpinec@mail.ru,111.135.13.58
15,Shynn, Francklyn,fshynne@walmart.com,7.105.57.47
16,Hayley, Kaleena,khayleyf@spiegel.de,11.176.56.15
17,Cloke, Jamie,jclokeg@t.co,107.213.65.157
19,Elwood, Chester,celwoodi@sourceforge.net,175.162.45.34
20,Leyband, Alisa,aleybandj@ft.com,38.176.187.229
21,Eke, Randie,rekek@zimbio.com,219.6.245.237
23,Bendare, Jayson,jbendarem@wikia.com,161.78.214.49
24,Doy, Anton,adoyn@ning.com,177.140.218.241
25,Crevy, Haleigh,hcrevyo@mac.com,121.37.129.16
26,Conneely, Vera,vconneelyp@dmoz.org,186.94.46.227
27,Byrom, Fae,fbyromq@google.pl,177.76.23.73
28,Fuzzens, Abigail,afuzzensr@google.cn,20.33.11.154
29,Sudron, Emmett,esudrons@edublogs.org,135.186.82.30
31,Sayton, Aristotle,asaytonu@toplist.cz,64.133.85.20
33,Blakes, Olav,oblakesw@dell.com,72.70.167.42
34,Mowling, Ted,tmowlingx@weather.com,41.178.222.136
35,Griston, Reinhard,rgristony@amazonaws.com,73.118.225.216
36,Coveney, Tobey,tcoveneyz@slashdot.org,27.211.81.182
37,Skate, Randa,rskate10@uiuc.edu,184.98.200.208
38,Yakubovich, Modestia,myakubovich11@1und1.de,116.177.240.224
39,Prendiville, Brannon,bprendiville12@uiuc.edu,149.252.24.242
40,Mushart, Kathlin,kmushart13@squarespace.com,181.200.160.25
41,Skingley, Jennine,jskingley14@weather.com,199.194.97.155
42,MacCrann, Misti,mmaccrann15@salon.com,178.66.250.195
43,Murfin, Othella,omurfin16@go.com,212.132.209.99
45,Neward, Bridie,bneward18@gnu.org,190.8.86.183
47,Harmer, Justina,jharmer1a@jalbum.net,18.1.96.38
49,Valintine, Monro,mvalintine1c@homestead.com,134.204.224.220
51,Duckerin, Darline,dduckerin1e@goo.gl,123.195.81.180
52,MacDavitt, Merlina,mmacdavitt1f@patch.com,60.130.164.31
53,Marcus, Archy,amarcus1g@imageshack.us,83.133.139.211
54,Bolstridge, Lacy,lbolstridge1h@walmart.com,174.249.240.10
55,Chasteney, Halette,hchasteney1i@jimdo.com,4.70.64.83
56,Caney, Priscilla,pcaney1j@storify.com,66.125.244.70
57,Bronot, Orsola,obronot1k@g.co,163.253.189.137
58,Ruddiforth, Hollie,hruddiforth1l@homestead.com,46.199.219.160
59,Leisman, Ellen,eleisman1m@bigcartel.com,2.55.157.188
60,Eckart, Viva,veckart1n@cdc.gov,30.96.251.80
61,Curnnokk, Marice,mcurnnokk1o@joomla.org,247.24.176.48
62,Olufsen, Constancia,colufsen1p@google.com.au,86.252.140.152
63,Glasspool, Brande,bglasspool1q@sakura.ne.jp,42.72.179.99
64,Brenton, Casandra,cbrenton1r@europa.eu,180.136.189.7
65,Jeaneau, Claus,cjeaneau1s@tamu.edu,197.32.180.0
67,Nasey, Freddi,fnasey1u@typepad.com,188.50.8.112
68,Koppe, Deeann,dkoppe1v@bing.com,223.226.109.169
69,Cicchitello, Zeke,zcicchitello1w@oakley.com,231.17.98.79
70,Lathwell, Lisabeth,llathwell1x@fastcompany.com,54.36.210.93
71,Gitthouse, Danella,dgitthouse1y@indiatimes.com,153.37.97.98
72,Cowhig, Laureen,lcowhig1z@merriam-webster.com,172.232.19.106
73,Shilstone, Emmi,eshilstone20@over-blog.com,197.112.45.14
75,Bragger, Ellynn,ebragger22@1und1.de,21.16.60.183
77,Brenston, Rosco,rbrenston24@berkeley.edu,189.25.181.164
78,Elce, Jolyn,jelce25@elpais.com,179.6.203.144
79,Mulcock, Creight,cmulcock26@hao123.com,45.190.138.247
80,Ridding, Shirley,sridding27@house.gov,137.75.113.128
81,Kinastan, Dennie,dkinastan28@mlb.com,237.52.165.31
83,Driussi, Nicoline,ndriussi2a@ucla.edu,247.91.84.95
84,Linfoot, Hyacinthie,hlinfoot2b@alexa.com,18.215.248.130
85,Bartolommeo, Gertie,gbartolommeo2c@about.com,220.128.161.180
86,MacCracken, Rozalie,rmaccracken2d@paypal.com,82.47.8.86
87,Talby, Karon,ktalby2e@123-reg.co.uk,157.133.243.81
89,Grzegorecki, Moore,mgrzegorecki2g@about.com,44.56.61.210
90,Skittles, Odelle,oskittles2h@fastcompany.com,101.120.64.6
91,Verry, Hedvig,hverry2i@house.gov,105.117.47.86
92,Tarry, Gabie,gtarry2j@weibo.com,33.223.233.83
93,Bilovus, Barnie,bbilovus2k@prlog.org,33.101.78.12
94,Bilovsky, Shanon,sbilovsky2l@amazonaws.com,94.81.65.132
95,Hearnah, Weider,whearnah2m@booking.com,91.234.66.175
97,Raven, Nicolle,nraven2o@reddit.com,179.68.175.119
98,Kerbey, Stephannie,skerbey2p@hao123.com,211.145.243.225
99,Lower, Manfred,mlower2q@live.com,116.92.29.238
100,Baty, Gertrud,gbaty2r@chronoengine.com,2.197.77.208
