id,first_name,last_name,email,gender,ip_address
1,Abbey,Snowsill,asnowsill0@deliciousdays.com,Female,160.84.47.71
2,Pen,Donner,pdonner1@accuweather.com,Male,221.29.128.175
3,Northrop,Batson,nbatson2@w3.org,Male,97.155.104.225
4,Amity,Lorkings,alorkings3@etsy.com,Female,48.69.139.164
5,Alejoa,Denver,adenver4@domainmarket.com,Male,166.184.47.4
6,Tod,Mc Gorley,tmcgorley5@smh.com.au,Male,215.88.190.163
7,Orazio,Heigold,oheigold6@intel.com,Male,103.91.52.190
8,Wendel,Spiniello,wspiniello7@mozilla.com,Agender,29.94.128.202
9,Moise,Bourhill,mbourhill8@a8.net,Male,31.164.128.88
10,Nancie,Sterman,nsterman9@mapy.cz,Female,127.42.212.230
11,Roddy,Heap,rheapa@loc.gov,Bigender,21.184.190.0
12,Amber,Walas,awalasb@comcast.net,Female,242.33.1.120
13,Bessy,McAlpine,bmcalpinec@mail.ru,Female,111.135.13.58
14,Ford,Brian,fbriand@hc360.com,Male,15.189.136.98
15,Francklyn,Shynn,fshynne@walmart.com,Non-binary,7.105.57.47
16,Kaleena,Hayley,khayleyf@spiegel.de,Female,11.176.56.15
17,Jamie,Cloke,jclokeg@t.co,Male,107.213.65.157
18,Pieter,Wolton,pwoltonh@w3.org,Male,91.88.203.40
19,Chester,Elwood,celwoodi@sourceforge.net,Male,175.162.45.34
20,Alisa,Leyband,aleybandj@ft.com,Genderqueer,38.176.187.229
21,Randie,Eke,rekek@zimbio.com,Male,219.6.245.237
22,Brewster,Canwell,bcanwelll@bloomberg.com,Male,180.94.28.251
23,Jayson,Bendare,jbendarem@wikia.com,Male,161.78.214.49
24,Anton,Doy,adoyn@ning.com,Genderfluid,177.140.218.241
25,Haleigh,Crevy,hcrevyo@mac.com,Male,121.37.129.16
26,Vera,Conneely,vconneelyp@dmoz.org,Female,186.94.46.227
27,Fae,Byrom,fbyromq@google.pl,Female,177.76.23.73
28,Abigail,Fuzzens,afuzzensr@google.cn,Female,20.33.11.154
29,Emmett,Sudron,esudrons@edublogs.org,Male,135.186.82.30
30,Isidor,Pullman,ipullmant@paginegialle.it,Male,172.37.83.150
31,Aristotle,Sayton,asaytonu@toplist.cz,Male,64.133.85.20
32,Percy,Fawltey,pfawlteyv@apple.com,Male,245.202.107.208
33,Olav,Blakes,oblakesw@dell.com,Male,72.70.167.42
34,Ted,Mowling,tmowlingx@weather.com,Female,41.178.222.136
35,Reinhard,Griston,rgristony@amazonaws.com,Male,73.118.225.216
36,Tobey,Coveney,tcoveneyz@slashdot.org,Female,27.211.81.182
37,Randa,Skate,rskate10@uiuc.edu,Female,184.98.200.208
38,Modestia,Yakubovich,myakubovich11@1und1.de,Female,116.177.240.224
39,Brannon,Prendiville,bprendiville12@uiuc.edu,Male,149.252.24.242
40,Kathlin,Mushart,kmushart13@squarespace.com,Female,181.200.160.25
41,Jennine,Skingley,jskingley14@weather.com,Female,199.194.97.155
42,Misti,MacCrann,mmaccrann15@salon.com,Female,178.66.250.195
43,Othella,Murfin,omurfin16@go.com,Female,212.132.209.99
44,Freemon,Quinell,fquinell17@washingtonpost.com,Male,8.238.85.50
45,Bridie,Neward,bneward18@gnu.org,Female,190.8.86.183
46,Alford,Lawther,alawther19@github.io,Male,205.57.219.242
47,Justina,Harmer,jharmer1a@jalbum.net,Female,18.1.96.38
48,Bond,Bazell,bbazell1b@netlog.com,Male,227.203.118.232
49,Monro,Valintine,mvalintine1c@homestead.com,Male,134.204.224.220
50,Yul,Kibby,ykibby1d@ebay.co.uk,Male,172.101.186.154
51,Darline,Duckerin,dduckerin1e@goo.gl,Female,123.195.81.180
52,Merlina,MacDavitt,mmacdavitt1f@patch.com,Female,60.130.164.31
53,Archy,Marcus,amarcus1g@imageshack.us,Male,83.133.139.211
54,Lacy,Bolstridge,lbolstridge1h@walmart.com,Female,174.249.240.10
55,Halette,Chasteney,hchasteney1i@jimdo.com,Non-binary,4.70.64.83
56,Priscilla,Caney,pcaney1j@storify.com,Female,66.125.244.70
57,Orsola,Bronot,obronot1k@g.co,Female,163.253.189.137
58,Hollie,Ruddiforth,hruddiforth1l@homestead.com,Female,46.199.219.160
59,Ellen,Leisman,eleisman1m@bigcartel.com,Female,2.55.157.188
60,Viva,Eckart,veckart1n@cdc.gov,Female,30.96.251.80
61,Marice,Curnnokk,mcurnnokk1o@joomla.org,Female,247.24.176.48
62,Constancia,Olufsen,colufsen1p@google.com.au,Female,86.252.140.152
63,Brande,Glasspool,bglasspool1q@sakura.ne.jp,Female,42.72.179.99
64,Casandra,Brenton,cbrenton1r@europa.eu,Non-binary,180.136.189.7
65,Claus,Jeaneau,cjeaneau1s@tamu.edu,Male,197.32.180.0
66,Ced,Grinnov,cgrinnov1t@salon.com,Male,52.92.49.15
67,Freddi,Nasey,fnasey1u@typepad.com,Female,188.50.8.112
68,Deeann,Koppe,dkoppe1v@bing.com,Female,223.226.109.169
69,Zeke,Cicchitello,zcicchitello1w@oakley.com,Male,231.17.98.79
70,Lisabeth,Lathwell,llathwell1x@fastcompany.com,Female,54.36.210.93
71,Danella,Gitthouse,dgitthouse1y@indiatimes.com,Female,153.37.97.98
72,Laureen,Cowhig,lcowhig1z@merriam-webster.com,Female,172.232.19.106
73,Emmi,Shilstone,eshilstone20@over-blog.com,Non-binary,197.112.45.14
74,Damiano,Mears,dmears21@surveymonkey.com,Male,2.83.89.250
75,Ellynn,Bragger,ebragger22@1und1.de,Female,21.16.60.183
76,Murdoch,Gerhartz,mgerhartz23@privacy.gov.au,Male,116.94.132.112
77,Rosco,Brenston,rbrenston24@berkeley.edu,Male,189.25.181.164
78,Jolyn,Elce,jelce25@elpais.com,Female,179.6.203.144
79,Creight,Mulcock,cmulcock26@hao123.com,Male,45.190.138.247
80,Shirley,Ridding,sridding27@house.gov,Female,137.75.113.128
81,Dennie,Kinastan,dkinastan28@mlb.com,Male,237.52.165.31
82,Jdavie,Benwell,jbenwell29@hugedomains.com,Male,131.250.101.77
83,Nicoline,Driussi,ndriussi2a@ucla.edu,Female,247.91.84.95
84,Hyacinthie,Linfoot,hlinfoot2b@alexa.com,Bigender,18.215.248.130
85,Gertie,Bartolommeo,gbartolommeo2c@about.com,Female,220.128.161.180
86,Rozalie,MacCracken,rmaccracken2d@paypal.com,Female,82.47.8.86
87,Karon,Talby,ktalby2e@123-reg.co.uk,Female,157.133.243.81
88,Innis,Yearron,iyearron2f@livejournal.com,Male,164.15.104.161
89,Moore,Grzegorecki,mgrzegorecki2g@about.com,Male,44.56.61.210
90,Odelle,Skittles,oskittles2h@fastcompany.com,Female,101.120.64.6
91,Hedvig,Verry,hverry2i@house.gov,Female,105.117.47.86
92,Gabie,Tarry,gtarry2j@weibo.com,Female,33.223.233.83
93,Barnie,Bilovus,bbilovus2k@prlog.org,Male,33.101.78.12
94,Shanon,Bilovsky,sbilovsky2l@amazonaws.com,Female,94.81.65.132
95,Weider,Hearnah,whearnah2m@booking.com,Male,91.234.66.175
96,Toddie,LLelweln,tllelweln2n@dyndns.org,Male,18.234.50.48
97,Nicolle,Raven,nraven2o@reddit.com,Female,179.68.175.119
98,Stephannie,Kerbey,skerbey2p@hao123.com,Female,211.145.243.225
99,Manfred,Lower,mlower2q@live.com,Genderqueer,116.92.29.238
100,Gertrud,Baty,gbaty2r@chronoengine.com,Female,2.197.77.208
