id,first_name,last_name,email,gender,ip_address
2001,Hillel,Grubbe,hgrubbe0@fc2.com,Male,53.234.201.178
2002,Kyrstin,Trinbey,ktrinbey1@amazon.de,Female,43.152.152.94
2003,Craggie,Sirr,csirr2@blogspot.com,Male,246.20.212.37
2004,Iolande,Wyburn,iwyburn3@tinyurl.com,Female,3.101.175.173
2005,Gallard,Grabham,ggrabham4@exblog.jp,Male,43.57.241.26
2006,Ninnetta,Bricksey,nbricksey5@yellowbook.com,Female,124.204.9.19
2007,Morganne,Agiolfinger,magiolfinger6@hexun.com,Female,225.111.2.143
2008,Mirna,Gerholz,mgerholz7@drupal.org,Genderqueer,242.186.191.215
2009,Jason,Gallone,jgallone8@google.it,Male,251.146.64.155
2010,Evey,Curley,ecurley9@ameblo.jp,Bigender,253.51.140.218
2011,Wiley,Gawith,wgawitha@ameblo.jp,Male,213.46.213.6
2012,Gill,Giddy,ggiddyb@miitbeian.gov.cn,Male,213.69.201.247
2013,Katha,Goldster,kgoldsterc@wufoo.com,Female,41.6.60.202
2014,Hildy,Oldale,holdaled@illinois.edu,Female,43.115.245.3
2015,Vivianne,MacAndreis,vmacandreise@yolasite.com,Female,123.104.36.91
2016,Ethelyn,Nightingale,enightingalef@redcross.org,Female,149.227.190.120
2017,Kore,Hembry,khembryg@ucoz.com,Female,228.159.140.47
2018,Lynn,Iwanczyk,liwanczykh@unesco.org,Male,4.216.66.205
2019,Maddalena,Penvarden,mpenvardeni@usa.gov,Female,62.124.197.62
2020,Spike,Moresby,smoresbyj@tinyurl.com,Male,111.251.56.249
2021,Tiphani,Agius,tagiusk@cpanel.net,Female,75.11.72.90
2022,Bettye,Claypoole,bclaypoolel@shinystat.com,Female,11.103.35.121
2023,Carr,Style,cstylem@rakuten.co.jp,Male,98.12.138.146
2024,Lynelle,Baines,lbainesn@ask.com,Female,58.114.125.231
2025,Linn,Hungerford,lhungerfordo@ucsd.edu,Male,81.114.133.89
2026,Wolfy,Dukesbury,wdukesburyp@homestead.com,Male,7.162.53.237
2027,Karyn,Suett,ksuettq@admin.ch,Female,79.51.178.106
2028,Ase,Burtwell,aburtwellr@twitpic.com,Male,253.6.124.107
2029,Annissa,D'Avaux,adavauxs@economist.com,Female,33.7.4.106
2030,Twyla,Cleaton,tcleatont@histats.com,Non-binary,30.40.2.9
2031,Ardelis,Shearmer,ashearmeru@constantcontact.com,Female,169.36.244.15
2032,Shaine,Hullock,shullockv@tumblr.com,Female,177.249.53.129
2033,Elsi,Leverson,eleversonw@cloudflare.com,Female,195.18.0.163
2034,Diego,Spear,dspearx@slate.com,Male,46.73.109.79
2035,Charmaine,Owtram,cowtramy@bigcartel.com,Female,159.63.208.249
2036,Keenan,Ryson,krysonz@boston.com,Male,16.205.176.210
2037,Meredith,Hardie,mhardie10@usa.gov,Male,180.19.124.64
2038,Rudolf,Sponer,rsponer11@buzzfeed.com,Male,72.40.252.82
2039,Alfie,Sewell,asewell12@wunderground.com,Bigender,183.210.158.23
2040,Jayme,Fermor,jfermor13@liveinternet.ru,Male,189.229.120.146
2041,Reiko,De Launde,rdelaunde14@unblog.fr,Female,226.225.193.206
2042,Perren,Biasioni,pbiasioni15@tinyurl.com,Male,57.154.20.210
2043,Hadlee,Hatzar,hhatzar16@webeden.co.uk,Male,252.31.142.202
2044,Clark,Ettridge,cettridge17@twitter.com,Male,105.33.197.142
2045,Rainer,Crumpton,rcrumpton18@usda.gov,Genderfluid,177.130.196.81
2046,Ronnie,McMylor,rmcmylor19@earthlink.net,Agender,73.234.120.24
2047,Mario,Willden,mwillden1a@globo.com,Male,154.20.208.156
2048,Filmer,Ismail,fismail1b@wikipedia.org,Male,154.131.254.104
2049,Ariadne,Likly,alikly1c@vimeo.com,Female,188.35.91.161
2050,Elsbeth,Howcroft,ehowcroft1d@reuters.com,Female,226.166.188.21
2051,Stephan,Pepperell,spepperell1e@gravatar.com,Male,30.86.100.37
2052,Hakim,Haston,hhaston1f@imdb.com,Male,159.88.12.73
2053,Tannie,Tidbald,ttidbald1g@ycombinator.com,Male,171.141.230.82
2054,Valentin,Simmers,vsimmers1h@amazon.co.jp,Male,126.95.106.45
2055,Lettie,Zaniolo,lzaniolo1i@cnn.com,Bigender,18.32.136.220
2056,Colin,Lavigne,clavigne1j@bravesites.com,Male,72.19.71.58
2057,Darsie,Freezor,dfreezor1k@si.edu,Female,189.137.87.239
2058,Farlie,Dagg,fdagg1l@photobucket.com,Male,19.122.206.144
2059,Linnie,O'Kieran,lokieran1m@accuweather.com,Female,154.14.26.112
2060,Devan,Cochran,dcochran1n@gizmodo.com,Female,173.187.72.209
2061,Rickie,Gresser,rgresser1o@ustream.tv,Male,80.56.158.45
2062,Gil,Beincken,gbeincken1p@devhub.com,Male,24.51.88.82
2063,Nerita,Filon,nfilon1q@baidu.com,Genderqueer,53.65.132.217
2064,Skippy,Dibbert,sdibbert1r@hhs.gov,Male,3.146.226.60
2065,Frasier,Richt,fricht1s@hexun.com,Male,75.230.126.202
2066,Damon,Thairs,dthairs1t@de.vu,Male,163.55.187.238
2067,Petr,St Clair,pstclair1u@51.la,Male,122.92.97.66
2068,Annamarie,Ravenscroftt,aravenscroftt1v@uol.com.br,Polygender,70.75.120.36
2069,Othella,Vedishchev,ovedishchev1w@columbia.edu,Female,248.173.105.231
2070,Edd,Groucock,egroucock1x@shop-pro.jp,Male,196.201.127.244
2071,Lindsay,Coppens,lcoppens1y@oaic.gov.au,Female,243.203.148.79
2072,Wang,Sangar,wsangar1z@ifeng.com,Male,68.57.193.42
2073,Tiler,Shelford,tshelford20@hibu.com,Polygender,189.142.40.56
2074,Selig,Tavener,stavener21@jalbum.net,Male,62.135.12.36
2075,Kesley,Dulinty,kdulinty22@netvibes.com,Female,101.89.79.1
2076,Lek,Gosden,lgosden23@icio.us,Male,161.34.175.32
2077,Richy,Abberley,rabberley24@google.com.br,Male,227.32.155.21
2078,Sunny,Hugues,shugues25@e-recht24.de,Female,219.185.163.161
2079,Sara,Dregan,sdregan26@blogspot.com,Female,104.51.7.16
2080,Kevin,Gounard,kgounard27@jimdo.com,Male,243.169.63.254
2081,Jefferson,Petr,jpetr28@purevolume.com,Male,215.136.171.35
2082,Gib,Bonsey,gbonsey29@addthis.com,Male,34.173.249.148
2083,Dennet,Keeney,dkeeney2a@japanpost.jp,Male,143.244.31.40
2084,Eva,Neat,eneat2b@sakura.ne.jp,Bigender,168.190.42.207
2085,Alexis,Narramor,anarramor2c@ibm.com,Male,7.160.95.104
2086,Kip,Sherman,ksherman2d@ask.com,Female,109.34.188.20
2087,Julio,Warman,jwarman2e@joomla.org,Male,117.105.231.0
2088,Maryanne,Robbey,mrobbey2f@statcounter.com,Female,51.192.34.138
2089,Marnie,Bottomore,mbottomore2g@addtoany.com,Non-binary,120.4.173.114
2090,Hebert,Bottom,hbottom2h@studiopress.com,Male,159.84.22.71
2091,Jeth,Turbat,jturbat2i@eepurl.com,Male,29.113.87.52
2092,Krystle,Housden,khousden2j@skyrock.com,Female,114.178.102.42
2093,Dion,Grooby,dgrooby2k@walmart.com,Male,64.98.139.26
2094,Bren,Fritter,bfritter2l@dailymail.co.uk,Female,39.15.253.6
2095,Corey,Redington,credington2m@opensource.org,Male,135.12.238.59
2096,Lyda,Slowan,lslowan2n@foxnews.com,Bigender,119.103.238.19
2097,Omero,Brafield,obrafield2o@squarespace.com,Male,203.5.173.58
2098,Farrand,Cornwell,fcornwell2p@dropbox.com,Female,13.177.34.236
2099,Celestine,Dametti,cdametti2q@tamu.edu,Female,146.27.89.22
2100,Emelia,Enrrico,eenrrico2r@slideshare.net,Female,162.57.235.152
2101,Darice,Bastide,dbastide2s@google.co.uk,Genderqueer,33.231.219.16
2102,Carry,Beade,cbeade2t@hubpages.com,Female,151.139.243.85
2103,Jonathon,Challace,jchallace2u@opensource.org,Male,236.192.106.237
2104,Fredi,Britcher,fbritcher2v@arstechnica.com,Agender,208.55.150.152
2105,Antonin,Aveline,aaveline2w@prweb.com,Male,46.95.120.205
2106,Kaitlyn,Comins,kcomins2x@ibm.com,Female,89.176.41.39
2107,Rogers,Kinsey,rkinsey2y@dmoz.org,Male,156.41.205.21
2108,Laina,Flucker,lflucker2z@princeton.edu,Female,15.95.236.100
2109,Ermanno,Matushevitz,ematushevitz30@youtu.be,Male,18.75.95.188
2110,Cesare,Downton,cdownton31@macromedia.com,Male,122.51.126.226
2111,Adolf,Balaizot,abalaizot32@mac.com,Male,117.153.174.157
2112,Mareah,Kubal,mkubal33@t.co,Female,8.133.240.189
2113,Trace,Polak,tpolak34@gov.uk,Male,12.223.42.55
2114,Parke,Vigars,pvigars35@gmpg.org,Male,7.35.140.137
2115,Jobye,Clifft,jclifft36@google.ru,Female,193.109.16.166
2116,Pascal,Horlick,phorlick37@washington.edu,Male,246.76.28.1
2117,Lethia,Derdes,lderdes38@list-manage.com,Female,12.21.187.94
2118,North,Sokill,nsokill39@ycombinator.com,Bigender,75.239.151.135
2119,Brittani,Ditchett,bditchett3a@nsw.gov.au,Female,169.192.228.80
2120,Sax,Hanley,shanley3b@skyrock.com,Male,62.145.136.207
2121,Teddi,Snaddin,tsnaddin3c@sbwire.com,Female,170.108.75.32
2122,Margareta,Cuthbert,mcuthbert3d@cam.ac.uk,Female,26.59.200.119
2123,Stefan,Reschke,sreschke3e@wunderground.com,Male,36.242.247.40
2124,Ivan,Braidon,ibraidon3f@ox.ac.uk,Genderfluid,126.30.167.166
2125,Garry,Wyldbore,gwyldbore3g@tamu.edu,Male,137.227.215.158
2126,Dannye,Osboldstone,dosboldstone3h@army.mil,Female,104.52.107.92
2127,Jewel,Basil,jbasil3i@chicagotribune.com,Female,34.7.202.167
2128,Kory,Aldgate,kaldgate3j@businessweek.com,Agender,25.21.84.161
2129,Alanson,Handford,ahandford3k@delicious.com,Male,75.214.170.219
2130,Lilah,Gelsthorpe,lgelsthorpe3l@squidoo.com,Polygender,249.99.83.211
2131,Gabbi,Raspel,graspel3m@npr.org,Female,204.254.187.252
2132,Aldric,Woolbrook,awoolbrook3n@tripadvisor.com,Male,138.231.112.35
2133,Alanna,Braithwait,abraithwait3o@gizmodo.com,Female,85.228.198.224
2134,Thedrick,Scarisbrick,tscarisbrick3p@ovh.net,Male,82.115.110.252
2135,Sheila,Roux,sroux3q@yellowbook.com,Female,122.97.105.217
2136,Orsa,Faulds,ofaulds3r@about.me,Female,203.10.32.5
2137,Stephi,Dailly,sdailly3s@statcounter.com,Female,213.41.120.95
2138,Yorgo,Rarity,yrarity3t@photobucket.com,Non-binary,140.184.163.121
2139,Rubetta,Trehearn,rtrehearn3u@ebay.com,Female,244.93.148.28
2140,Denny,Godley,dgodley3v@gizmodo.com,Male,46.29.204.122
2141,Melvyn,Biaggetti,mbiaggetti3w@spotify.com,Male,28.8.163.83
2142,Dom,Steward,dsteward3x@go.com,Genderfluid,80.234.22.173
2143,Morena,Heaney,mheaney3y@illinois.edu,Female,71.232.83.52
2144,Meghan,Helwig,mhelwig3z@liveinternet.ru,Female,53.115.4.221
2145,Lita,Colleton,lcolleton40@phpbb.com,Female,231.255.172.228
2146,Petronilla,Fear,pfear41@adobe.com,Female,10.220.227.252
2147,Klaus,Grout,kgrout42@ca.gov,Polygender,255.42.58.212
2148,Alic,Pasfield,apasfield43@toplist.cz,Male,202.131.43.74
2149,Cathrin,Snar,csnar44@un.org,Female,69.152.7.56
2150,Cad,Vinecombe,cvinecombe45@aol.com,Non-binary,16.244.249.224
2151,Clerc,Cuming,ccuming46@naver.com,Male,54.42.21.65
2152,Blake,Alsford,balsford47@marketwatch.com,Female,127.95.237.232
2153,Rowan,Alishoner,ralishoner48@japanpost.jp,Male,181.216.239.232
2154,Kippy,Chestney,kchestney49@timesonline.co.uk,Female,106.222.59.214
2155,Nevil,Challinor,nchallinor4a@webmd.com,Male,212.45.17.208
2156,Alayne,McGuinley,amcguinley4b@delicious.com,Female,90.227.178.163
2157,Tiena,Neame,tneame4c@nhs.uk,Female,227.243.50.20
2158,Alena,Daltry,adaltry4d@tripadvisor.com,Female,112.191.108.30
2159,Lion,Brady,lbrady4e@sina.com.cn,Male,102.20.158.27
2160,Ramon,Barke,rbarke4f@blog.com,Male,130.15.147.5
2161,Shem,Pierse,spierse4g@mediafire.com,Male,115.251.237.118
2162,Aridatha,Balding,abalding4h@jimdo.com,Female,104.141.156.153
2163,Amalia,Brandino,abrandino4i@latimes.com,Female,87.156.253.166
2164,Klarika,Whenman,kwhenman4j@vimeo.com,Female,41.89.161.78
2165,Mayer,Algeo,malgeo4k@quantcast.com,Male,44.114.151.19
2166,Shanie,Bernardoni,sbernardoni4l@berkeley.edu,Female,138.164.246.232
2167,John,Goggen,jgoggen4m@unicef.org,Male,44.193.120.70
2168,Kriste,Bonnette,kbonnette4n@aol.com,Polygender,51.146.184.226
2169,Issy,Duker,iduker4o@oracle.com,Female,177.151.56.172
2170,Oliver,Karim,okarim4p@shareasale.com,Male,71.25.24.37
2171,Ammamaria,Guilloneau,aguilloneau4q@ed.gov,Female,33.87.252.253
2172,Mahalia,Pinnegar,mpinnegar4r@discovery.com,Female,61.53.130.223
2173,Flynn,Ferreo,fferreo4s@usa.gov,Male,44.210.69.44
2174,Beau,Munkley,bmunkley4t@sfgate.com,Male,8.144.252.75
2175,Ermengarde,Pasek,epasek4u@about.com,Female,56.149.65.20
2176,Chandal,MacCathay,cmaccathay4v@statcounter.com,Female,136.34.198.79
2177,Eugenia,Napthine,enapthine4w@msn.com,Female,153.162.157.25
2178,Elise,Nuemann,enuemann4x@bravesites.com,Female,186.225.236.249
2179,Jay,Simonsen,jsimonsen4y@vinaora.com,Male,226.185.83.145
2180,Hugibert,Yerbury,hyerbury4z@odnoklassniki.ru,Male,114.147.204.143
2181,Kara,De Bruijne,kdebruijne50@aboutads.info,Female,159.19.55.190
2182,Drucie,Robertelli,drobertelli51@comsenz.com,Female,53.190.110.136
2183,Farra,Mollene,fmollene52@wsj.com,Female,56.110.243.108
2184,Cristin,Chattey,cchattey53@narod.ru,Genderfluid,167.42.22.195
2185,Frankie,Rehor,frehor54@cdbaby.com,Male,123.225.16.62
2186,Jeniffer,Humber,jhumber55@answers.com,Female,48.248.187.108
2187,Morgan,Astin,mastin56@apple.com,Male,35.139.213.110
2188,Emlyn,Semble,esemble57@chronoengine.com,Female,232.182.13.33
2189,Jared,Greiswood,jgreiswood58@dmoz.org,Male,53.104.5.236
2190,Marie-jeanne,Jeffels,mjeffels59@europa.eu,Female,131.246.251.44
2191,Orrin,Duffin,oduffin5a@gravatar.com,Male,118.34.94.109
2192,Vaughn,Merner,vmerner5b@multiply.com,Male,185.26.221.49
2193,Myrvyn,Pechacek,mpechacek5c@icq.com,Male,211.185.213.126
2194,Barris,Pilmore,bpilmore5d@ask.com,Polygender,167.174.222.160
2195,Gerry,Truitt,gtruitt5e@e-recht24.de,Male,156.191.99.48
2196,Winni,Dog,wdog5f@booking.com,Female,156.3.84.4
2197,Valli,Hodges,vhodges5g@scribd.com,Female,224.119.224.62
2198,Toma,Stickler,tstickler5h@boston.com,Female,149.17.14.247
2199,Marrilee,Davidsohn,mdavidsohn5i@liveinternet.ru,Female,9.247.167.38
2200,Rafaellle,Cruddas,rcruddas5j@shutterfly.com,Genderfluid,32.141.183.155
2201,Marietta,Decourt,mdecourt5k@surveymonkey.com,Female,167.177.210.163
2202,Tiffy,Barns,tbarns5l@hhs.gov,Female,37.130.251.39
2203,Josephine,Stennett,jstennett5m@people.com.cn,Female,137.199.239.60
2204,Sosanna,Littrell,slittrell5n@senate.gov,Female,186.72.141.236
2205,Ker,Hinze,khinze5o@apple.com,Male,142.181.240.115
2206,Spence,Isson,sisson5p@webnode.com,Male,82.191.189.20
2207,Hortensia,Webbe,hwebbe5q@sciencedaily.com,Female,119.109.5.224
2208,Nicola,Letford,nletford5r@bandcamp.com,Female,224.182.123.175
2209,Shirley,Maving,smaving5s@dailymail.co.uk,Female,173.74.4.14
2210,Kynthia,Waiting,kwaiting5t@ucoz.ru,Female,15.86.90.235
2211,Vonny,Hallett,vhallett5u@spotify.com,Female,49.62.160.7
2212,Brianna,Beedom,bbeedom5v@phoca.cz,Female,230.26.72.25
2213,Paton,Marthen,pmarthen5w@ameblo.jp,Male,41.136.168.179
2214,Pincus,McCauley,pmccauley5x@senate.gov,Male,93.224.204.35
2215,Bea,Elston,belston5y@addtoany.com,Agender,0.239.89.134
2216,Paton,Briddock,pbriddock5z@jugem.jp,Male,64.34.149.102
2217,Alethea,Sharper,asharper60@newsvine.com,Female,151.202.207.92
2218,Augy,Baudet,abaudet61@cocolog-nifty.com,Male,42.245.32.54
2219,Caritta,Medlicott,cmedlicott62@smh.com.au,Female,55.198.157.2
2220,Nickola,Berryann,nberryann63@cbslocal.com,Male,226.97.6.92
2221,Towny,Lambertz,tlambertz64@google.com.br,Male,218.19.55.175
2222,Claiborn,Cornfoot,ccornfoot65@senate.gov,Male,55.29.109.194
2223,Darrel,de Mullett,ddemullett66@nationalgeographic.com,Genderqueer,213.37.173.175
2224,Howard,Despenser,hdespenser67@dropbox.com,Male,173.145.10.130
2225,Kenneth,Hynson,khynson68@surveymonkey.com,Male,168.24.83.85
2226,Laney,Pendrey,lpendrey69@phpbb.com,Male,108.57.75.214
2227,Dexter,Mighele,dmighele6a@globo.com,Male,32.158.53.148
2228,Roger,Mallatratt,rmallatratt6b@blogs.com,Male,161.72.187.19
2229,Ginger,Wilshin,gwilshin6c@sciencedaily.com,Male,127.126.7.168
2230,Ella,Ropkins,eropkins6d@merriam-webster.com,Female,97.196.86.222
2231,Gisela,Dodsworth,gdodsworth6e@squidoo.com,Female,94.32.124.165
2232,Silvana,Ellum,sellum6f@tripadvisor.com,Female,126.65.235.197
2233,Tadd,Antonomolii,tantonomolii6g@pagesperso-orange.fr,Male,1.91.58.73
2234,Collette,Tuttle,ctuttle6h@seattletimes.com,Agender,92.51.69.177
2235,Jarred,Tathacott,jtathacott6i@zdnet.com,Male,197.52.243.193
2236,Zara,Demcak,zdemcak6j@usgs.gov,Female,12.185.48.46
2237,Lelah,Nowick,lnowick6k@geocities.jp,Female,24.72.48.29
2238,Arlene,Morphew,amorphew6l@forbes.com,Non-binary,142.25.92.114
2239,Gina,Akeherst,gakeherst6m@csmonitor.com,Female,69.118.8.79
2240,Shelby,Geydon,sgeydon6n@nhs.uk,Female,13.202.207.124
2241,Delbert,Rottcher,drottcher6o@adobe.com,Polygender,163.216.5.174
2242,Mercedes,Britner,mbritner6p@bloglines.com,Female,58.105.42.238
2243,Ninette,Shepton,nshepton6q@noaa.gov,Female,108.102.187.48
2244,Berty,La Wille,blawille6r@sciencedirect.com,Male,24.88.255.115
2245,Ber,Baird,bbaird6s@independent.co.uk,Male,149.231.25.16
2246,Giffard,Ferrand,gferrand6t@uiuc.edu,Male,204.122.17.166
2247,Ahmed,Fraine,afraine6u@aol.com,Genderqueer,87.244.249.2
2248,Wilton,Andover,wandover6v@smugmug.com,Male,70.105.203.29
2249,Deena,Stitt,dstitt6w@weibo.com,Female,207.115.61.69
2250,Alphonso,Jerwood,ajerwood6x@narod.ru,Male,27.203.139.63
2251,Gwenora,Orthmann,gorthmann6y@clickbank.net,Female,255.229.37.180
2252,Brendis,Pie,bpie6z@comcast.net,Male,123.1.38.120
2253,Allen,Springle,aspringle70@omniture.com,Male,48.215.21.124
2254,Codie,Masham,cmasham71@google.com.br,Female,197.52.24.162
2255,Aggie,Haughey,ahaughey72@google.com.br,Genderqueer,239.254.167.201
2256,Kayne,Lowery,klowery73@acquirethisname.com,Male,206.160.206.184
2257,Flora,Delacoste,fdelacoste74@1688.com,Female,78.253.199.113
2258,Blondy,Roizin,broizin75@meetup.com,Female,191.191.232.113
2259,Edvard,Whordley,ewhordley76@redcross.org,Male,235.79.90.94
2260,Reinold,Pudsall,rpudsall77@techcrunch.com,Male,161.210.92.168
2261,Nancy,Frankcomb,nfrankcomb78@nifty.com,Female,151.86.102.137
2262,Verina,Winkless,vwinkless79@soup.io,Female,142.99.172.15
2263,Christie,Job,cjob7a@netvibes.com,Female,141.135.109.160
2264,Irvin,Hintze,ihintze7b@issuu.com,Male,128.94.242.19
2265,Mikaela,Habershon,mhabershon7c@marketwatch.com,Female,152.133.31.131
2266,Philipa,Summerscales,psummerscales7d@slashdot.org,Female,2.215.239.252
2267,Gaspar,Anstee,ganstee7e@netlog.com,Male,225.130.107.209
2268,Brewster,Crockatt,bcrockatt7f@xinhuanet.com,Male,245.52.188.1
2269,Idaline,Sanney,isanney7g@dion.ne.jp,Female,91.130.45.127
2270,Daisie,Goldster,dgoldster7h@newyorker.com,Female,72.38.223.5
2271,Jard,Conningham,jconningham7i@phoca.cz,Male,207.240.152.230
2272,Mikol,McNae,mmcnae7j@booking.com,Male,69.191.46.70
2273,Yasmeen,Luigi,yluigi7k@nifty.com,Bigender,14.6.6.3
2274,Lincoln,Armer,larmer7l@storify.com,Bigender,225.116.100.175
2275,Nicolas,Musker,nmusker7m@livejournal.com,Male,241.129.255.236
2276,Allyce,Pote,apote7n@is.gd,Genderfluid,215.79.44.2
2277,Tabina,Rozec,trozec7o@miibeian.gov.cn,Female,67.220.24.180
2278,Fletch,Human,fhuman7p@pen.io,Male,200.171.104.97
2279,Elisha,Beazley,ebeazley7q@cbsnews.com,Female,0.228.199.48
2280,Baxy,Hovell,bhovell7r@com.com,Male,54.76.102.115
2281,Romonda,Willgrass,rwillgrass7s@reverbnation.com,Female,46.119.155.118
2282,Paolo,Cartmell,pcartmell7t@ning.com,Male,126.69.226.221
2283,Anatole,Tropman,atropman7u@ask.com,Male,37.98.46.168
2284,Neely,Geraud,ngeraud7v@ezinearticles.com,Female,122.99.143.111
2285,Emelita,Spyer,espyer7w@intel.com,Female,33.109.112.242
2286,Caty,Telling,ctelling7x@biblegateway.com,Female,226.78.224.250
2287,Vassily,Mumbey,vmumbey7y@usatoday.com,Male,159.21.239.141
2288,Alanna,Sowte,asowte7z@amazonaws.com,Female,232.112.17.102
2289,Britney,Stockdale,bstockdale80@livejournal.com,Female,66.14.8.240
2290,Yelena,Dyster,ydyster81@nhs.uk,Female,80.167.157.117
2291,Duky,Mablestone,dmablestone82@ameblo.jp,Male,149.255.244.28
2292,Ilise,Vasyaev,ivasyaev83@toplist.cz,Female,62.244.13.51
2293,Brody,Comolli,bcomolli84@bloglines.com,Male,168.132.244.151
2294,Zolly,D'Onisi,zdonisi85@reuters.com,Male,99.119.98.136
2295,Enos,Fader,efader86@foxnews.com,Bigender,189.205.85.233
2296,Xever,Audsley,xaudsley87@columbia.edu,Bigender,76.164.233.221
2297,Wrennie,Rottenbury,wrottenbury88@engadget.com,Female,176.125.217.31
2298,Sharia,Christall,schristall89@state.gov,Female,120.146.176.13
2299,Gerda,Filasov,gfilasov8a@theglobeandmail.com,Female,234.208.42.44
2300,Bonnibelle,Gayther,bgayther8b@cnn.com,Female,229.236.65.127
2301,Hally,Grindell,hgrindell8c@reuters.com,Female,196.166.170.199
2302,Belinda,Willerton,bwillerton8d@cbc.ca,Female,202.102.223.194
2303,Anselm,Coathup,acoathup8e@tinyurl.com,Male,103.133.104.114
2304,Georgeanna,Clyne,gclyne8f@instagram.com,Female,202.84.154.19
2305,Annis,Speeding,aspeeding8g@npr.org,Female,121.132.200.160
2306,Natalee,Chasen,nchasen8h@ovh.net,Female,156.67.211.196
2307,Vivi,Castanyer,vcastanyer8i@netlog.com,Female,27.85.115.202
2308,Jackquelin,Melsom,jmelsom8j@cbsnews.com,Female,83.66.170.235
2309,Ursola,Chmarny,uchmarny8k@opera.com,Female,71.228.185.236
2310,Thaddus,Shovlar,tshovlar8l@people.com.cn,Genderfluid,81.14.55.202
2311,Tawsha,Sands-Allan,tsandsallan8m@chronoengine.com,Female,189.248.113.125
2312,Charo,Bellas,cbellas8n@google.cn,Female,218.134.97.64
2313,Zena,Wilden,zwilden8o@yale.edu,Female,203.34.110.45
2314,Egan,Lanfranconi,elanfranconi8p@pcworld.com,Genderfluid,161.86.237.130
2315,Kelbee,Layfield,klayfield8q@chronoengine.com,Male,115.117.165.244
2316,Barbra,Dewerson,bdewerson8r@vk.com,Agender,91.176.252.96
2317,Rachael,Madison,rmadison8s@exblog.jp,Female,96.83.39.155
2318,Martita,Featherstone,mfeatherstone8t@hubpages.com,Female,240.173.109.70
2319,Peggie,Dargan,pdargan8u@craigslist.org,Female,107.137.207.17
2320,Petunia,Dunster,pdunster8v@skype.com,Agender,13.31.249.202
2321,Adamo,Chilcott,achilcott8w@sbwire.com,Male,164.44.185.218
2322,Brynn,Martina,bmartina8x@oaic.gov.au,Female,102.12.39.97
2323,Caprice,Treace,ctreace8y@state.tx.us,Female,5.87.77.56
2324,Alfredo,Wrassell,awrassell8z@businessweek.com,Male,193.124.43.239
2325,Rycca,Reiner,rreiner90@jigsy.com,Female,158.250.71.67
2326,Horace,Worshall,hworshall91@earthlink.net,Male,193.162.81.35
2327,Carita,Okeshott,cokeshott92@google.com.br,Female,213.121.238.242
2328,Dedie,Bramer,dbramer93@smh.com.au,Female,192.207.208.220
2329,Lurline,Ackroyd,lackroyd94@list-manage.com,Female,159.245.41.233
2330,Angele,Hinksen,ahinksen95@usnews.com,Female,174.20.236.141
2331,Gustavo,Gollard,ggollard96@patch.com,Male,138.157.90.247
2332,Bethany,Tassell,btassell97@ning.com,Female,119.197.14.140
2333,Anastasie,Greenhouse,agreenhouse98@noaa.gov,Female,110.199.34.82
2334,Roderic,Heart,rheart99@about.com,Male,120.222.211.198
2335,Stern,Seaton,sseaton9a@marketwatch.com,Male,170.130.73.47
2336,Worth,Caughtry,wcaughtry9b@woothemes.com,Male,132.220.119.246
2337,Mathias,Lanfare,mlanfare9c@reverbnation.com,Male,141.96.154.52
2338,Jackie,Tonks,jtonks9d@meetup.com,Male,254.32.6.97
2339,Angus,Theseira,atheseira9e@bizjournals.com,Male,102.177.34.152
2340,Dosi,Parlor,dparlor9f@sogou.com,Female,246.242.198.134
2341,Rodrick,Dillestone,rdillestone9g@foxnews.com,Male,22.102.27.195
2342,Kristine,Rhoades,krhoades9h@soundcloud.com,Female,62.244.15.40
2343,Goldia,Rodgier,grodgier9i@sbwire.com,Female,226.22.75.194
2344,Wilona,Atyea,watyea9j@youku.com,Female,2.207.52.146
2345,Irene,Bullocke,ibullocke9k@netscape.com,Female,87.157.62.229
2346,Tandi,Lindop,tlindop9l@sohu.com,Female,226.247.115.152
2347,Jennica,Woodings,jwoodings9m@wordpress.com,Female,171.220.157.80
2348,Mattie,Benjamin,mbenjamin9n@webeden.co.uk,Male,194.100.196.231
2349,Kristy,Tranckle,ktranckle9o@home.pl,Bigender,145.154.243.210
2350,Ailyn,Hatherell,ahatherell9p@hatena.ne.jp,Female,233.87.147.62
2351,Miguel,Kitchingman,mkitchingman9q@webeden.co.uk,Male,24.237.122.55
2352,Ami,Whawell,awhawell9r@amazon.co.jp,Female,144.129.70.233
2353,Moritz,Izzett,mizzett9s@odnoklassniki.ru,Male,105.1.55.148
2354,Tammy,Meni,tmeni9t@taobao.com,Female,9.20.127.93
2355,Vincents,Noddles,vnoddles9u@live.com,Male,23.10.68.210
2356,Paulina,Naden,pnaden9v@amazon.co.jp,Female,122.172.4.4
2357,Saree,McClounan,smcclounan9w@china.com.cn,Female,174.26.96.197
2358,Rodolph,Skeemor,rskeemor9x@edublogs.org,Male,140.170.3.30
2359,Brade,Ure,bure9y@arizona.edu,Male,110.222.26.174
2360,Barn,Dunkley,bdunkley9z@cyberchimps.com,Male,58.66.179.107
2361,Zack,Dobbison,zdobbisona0@amazonaws.com,Male,228.237.224.34
2362,Tish,Gagin,tgagina1@clickbank.net,Female,64.243.209.221
2363,Albrecht,Webburn,awebburna2@vistaprint.com,Male,130.76.189.84
2364,Ozzie,Blaszczynski,oblaszczynskia3@berkeley.edu,Male,230.221.74.68
2365,Uri,Roderigo,uroderigoa4@wikipedia.org,Male,232.57.69.82
2366,Mayer,Christofides,mchristofidesa5@nationalgeographic.com,Male,228.27.156.234
2367,Laetitia,Scandrick,lscandricka6@china.com.cn,Female,200.125.64.156
2368,Rebecca,Dibden,rdibdena7@narod.ru,Female,203.80.208.1
2369,Kristyn,Broadbear,kbroadbeara8@so-net.ne.jp,Female,59.90.179.110
2370,Tarrance,Whitehorne,twhitehornea9@craigslist.org,Male,215.115.167.8
2371,Averil,Burtenshaw,aburtenshawaa@home.pl,Male,154.220.157.28
2372,Archy,Kell,akellab@cisco.com,Male,65.97.121.15
2373,Hally,Maneylaws,hmaneylawsac@alexa.com,Female,138.134.9.202
2374,Tiebold,Singleton,tsingletonad@ucoz.ru,Male,178.218.64.172
2375,Juieta,MacDwyer,jmacdwyerae@imdb.com,Genderqueer,242.21.169.57
2376,La verne,Bonifant,lbonifantaf@who.int,Female,36.122.233.95
2377,Solomon,Bourne,sbourneag@bloglines.com,Male,1.194.46.131
2378,Dunstan,Wreford,dwrefordah@icio.us,Male,245.135.26.38
2379,Artair,Cescot,acescotai@yahoo.co.jp,Male,177.206.162.243
2380,Magda,Boustred,mboustredaj@ibm.com,Female,254.18.231.221
2381,Ethel,Tegeller,etegellerak@woothemes.com,Female,253.249.76.208
2382,Lorelei,Zealy,lzealyal@sogou.com,Female,155.244.30.94
2383,Janice,Instock,jinstockam@furl.net,Female,159.24.250.181
2384,Sheilakathryn,Cavaney,scavaneyan@mtv.com,Female,184.235.243.202
2385,Mahmud,Stooders,mstoodersao@theguardian.com,Male,25.220.214.76
2386,Bradney,Zecchii,bzecchiiap@epa.gov,Male,78.143.52.15
2387,Penelope,Garmans,pgarmansaq@bbb.org,Female,2.173.142.181
2388,Cobby,Finlan,cfinlanar@myspace.com,Male,118.214.221.83
2389,Jany,Backshell,jbackshellas@state.gov,Female,22.69.253.229
2390,Yank,Pidgeon,ypidgeonat@1und1.de,Male,42.163.239.96
2391,Jourdan,Chatters,jchattersau@statcounter.com,Female,50.19.133.66
2392,Monroe,Reape,mreapeav@netscape.com,Male,151.192.200.241
2393,Chariot,O'Devey,codeveyaw@icio.us,Polygender,223.64.234.173
2394,Antonius,Shimwell,ashimwellax@go.com,Male,107.211.104.67
2395,Demetri,Mulberry,dmulberryay@zimbio.com,Male,118.217.104.4
2396,Iorgos,Bewshaw,ibewshawaz@fotki.com,Male,59.115.142.86
2397,Darwin,Cornu,dcornub0@xrea.com,Male,253.220.251.217
2398,Robert,Macken,rmackenb1@telegraph.co.uk,Bigender,50.26.54.89
2399,Sile,Wemm,swemmb2@blinklist.com,Female,143.46.108.179
2400,Deerdre,Scritch,dscritchb3@t.co,Female,162.252.128.208
2401,Greer,Cardno,gcardnob4@xrea.com,Female,36.48.34.147
2402,Meaghan,Agnolo,magnolob5@gov.uk,Female,52.91.142.78
2403,Willis,Gonnet,wgonnetb6@chicagotribune.com,Male,218.242.155.128
2404,Elijah,Castelot,ecastelotb7@home.pl,Male,142.65.143.37
2405,Archambault,Brittle,abrittleb8@printfriendly.com,Male,231.25.153.233
2406,Francisco,Nathon,fnathonb9@xinhuanet.com,Male,170.168.135.224
2407,Alta,Mitcham,amitchamba@europa.eu,Female,211.215.49.152
2408,Meredeth,Bergin,mberginbb@mysql.com,Male,182.211.188.197
2409,Roderich,Riach,rriachbc@latimes.com,Male,175.83.255.102
2410,Dolf,Spellacy,dspellacybd@weather.com,Male,123.122.220.48
2411,Susi,Broose,sbroosebe@ask.com,Female,172.140.148.210
2412,Beret,Fricke,bfrickebf@nasa.gov,Female,203.27.190.195
2413,Arlee,Cayford,acayfordbg@ehow.com,Female,193.186.98.167
2414,Ronalda,Underhill,runderhillbh@bandcamp.com,Female,11.196.36.74
2415,Hildagard,Cartmer,hcartmerbi@mayoclinic.com,Female,209.75.192.10
2416,Lesley,Byre,lbyrebj@examiner.com,Female,80.119.154.77
2417,Kalie,Cassidy,kcassidybk@mlb.com,Female,62.167.33.72
2418,Bernhard,Messham,bmesshambl@latimes.com,Male,15.131.40.130
2419,Jay,Matteotti,jmatteottibm@pbs.org,Male,5.6.29.198
2420,Bartholomew,Mingame,bmingamebn@typepad.com,Male,76.202.43.206
2421,Bald,Simper,bsimperbo@drupal.org,Male,106.93.58.161
2422,Enrica,Sasser,esasserbp@sbwire.com,Female,152.213.124.79
2423,Maje,Putman,mputmanbq@flickr.com,Male,81.145.186.214
2424,Chandal,Goldstraw,cgoldstrawbr@cam.ac.uk,Female,235.242.38.134
2425,Frasier,Croutear,fcroutearbs@desdev.cn,Male,131.25.63.27
2426,Jacqueline,Jumeau,jjumeaubt@prlog.org,Female,250.28.226.143
2427,Ivan,Cuffe,icuffebu@google.co.jp,Male,221.48.47.112
2428,Yetta,Kennaway,ykennawaybv@archive.org,Female,148.68.141.150
2429,Chelsey,Tigwell,ctigwellbw@networkadvertising.org,Female,237.216.36.236
2430,Ileana,Deathridge,ideathridgebx@amazon.de,Female,92.26.201.97
2431,Nathanael,Roderighi,nroderighiby@creativecommons.org,Male,73.28.44.184
2432,Rhea,Grastye,rgrastyebz@t.co,Female,129.40.43.148
2433,Pancho,Boyes,pboyesc0@homestead.com,Male,216.133.251.203
2434,Avery,Aldam,aaldamc1@npr.org,Male,198.109.78.181
2435,Kimmy,Dukelow,kdukelowc2@goo.gl,Female,87.118.172.69
2436,Aldous,Sterke,asterkec3@facebook.com,Male,229.20.242.153
2437,Bari,Bearblock,bbearblockc4@squidoo.com,Female,16.95.163.138
2438,Carlene,Soane,csoanec5@blinklist.com,Female,194.126.79.221
2439,Mignonne,Burlingame,mburlingamec6@virginia.edu,Female,111.233.206.108
2440,Belia,Preuvost,bpreuvostc7@microsoft.com,Female,57.48.245.255
2441,Stephani,Sackey,ssackeyc8@typepad.com,Female,35.123.155.161
2442,Merell,Eaves,meavesc9@networkadvertising.org,Male,219.30.235.92
2443,Clementia,Bounds,cboundsca@google.com.hk,Female,46.60.189.202
2444,Omar,Whitwham,owhitwhamcb@mtv.com,Male,216.158.207.181
2445,Neile,Stivers,nstiverscc@stumbleupon.com,Agender,150.125.9.39
2446,Terrye,Cinelli,tcinellicd@phoca.cz,Female,98.151.103.147
2447,Wade,O'Flaherty,woflahertyce@squidoo.com,Male,211.134.50.101
2448,Micaela,Obispo,mobispocf@qq.com,Genderqueer,29.0.26.136
2449,Graehme,Giddons,ggiddonscg@unicef.org,Male,236.134.60.124
2450,Sylvan,Vannuccini,svannuccinich@mozilla.com,Male,118.103.248.166
2451,Jerri,Streat,jstreatci@shinystat.com,Male,87.0.248.8
2452,Geneva,Newcome,gnewcomecj@wufoo.com,Female,217.195.13.64
2453,George,Antonignetti,gantonignettick@amazonaws.com,Female,55.223.83.205
2454,Jakie,Boulger,jboulgercl@mit.edu,Male,86.179.251.16
2455,Nisse,Eckford,neckfordcm@cam.ac.uk,Female,11.167.125.27
2456,Elsi,Swyre,eswyrecn@aol.com,Female,136.105.60.52
2457,Cynthia,Woodburn,cwoodburnco@washington.edu,Female,219.36.245.26
2458,Benyamin,Axton,baxtoncp@wikipedia.org,Male,46.237.232.74
2459,Milli,Fulham,mfulhamcq@goo.gl,Female,244.230.161.3
2460,Darwin,Ferencz,dferenczcr@economist.com,Male,195.210.225.108
2461,Merissa,Rubinowitsch,mrubinowitschcs@skyrock.com,Female,178.124.237.63
2462,Cori,Ettridge,cettridgect@huffingtonpost.com,Male,56.136.254.32
2463,Zed,Baume,zbaumecu@freewebs.com,Male,232.241.3.25
2464,Suzy,Lortz,slortzcv@google.co.uk,Bigender,125.182.175.126
2465,Ashlie,Callinan,acallinancw@cocolog-nifty.com,Female,127.218.216.201
2466,Corbin,Castleman,ccastlemancx@theatlantic.com,Male,114.251.146.12
2467,Oona,Hudd,ohuddcy@mail.ru,Female,86.52.244.252
2468,Aline,Grodden,agroddencz@mozilla.com,Female,61.36.4.123
2469,Timi,Tremonte,ttremonted0@china.com.cn,Female,236.43.19.213
2470,Katharine,Whelpton,kwhelptond1@ucsd.edu,Female,239.59.21.241
2471,Ellette,Boulde,eboulded2@weibo.com,Female,52.13.252.163
2472,Henka,Darker,hdarkerd3@geocities.jp,Female,66.44.125.208
2473,Edsel,Landrick,elandrickd4@kickstarter.com,Male,192.176.178.24
2474,Jocko,Ackery,jackeryd5@apple.com,Male,190.164.172.100
2475,Cordy,Hillan,chilland6@youku.com,Female,230.248.2.131
2476,Jocko,Stalley,jstalleyd7@cafepress.com,Male,221.155.200.45
2477,Bevvy,Iggulden,bigguldend8@craigslist.org,Female,170.127.57.249
2478,Melly,Storton,mstortond9@ucla.edu,Polygender,246.200.130.196
2479,Ron,McCay,rmccayda@usnews.com,Bigender,72.89.246.81
2480,Drusilla,Luthwood,dluthwooddb@cloudflare.com,Female,149.185.62.38
2481,Germayne,Voules,gvoulesdc@moonfruit.com,Male,204.57.223.133
2482,Sylvia,Rickwood,srickwooddd@goo.gl,Female,238.88.212.249
2483,Tammy,Maple,tmaplede@t.co,Genderqueer,123.61.126.157
2484,Bebe,Leehane,bleehanedf@joomla.org,Female,182.189.64.57
2485,Jenny,Shiel,jshieldg@mac.com,Female,71.196.89.27
2486,Inessa,Mac Giolla Pheadair,imacgiollapheadairdh@e-recht24.de,Female,240.16.221.7
2487,Myrtie,Wickson,mwicksondi@tuttocitta.it,Female,21.146.0.242
2488,Leodora,Insworth,linsworthdj@cnn.com,Female,93.130.12.144
2489,Alva,Elliot,aelliotdk@gnu.org,Male,145.246.174.90
2490,Deena,Linnock,dlinnockdl@bizjournals.com,Agender,126.201.88.146
2491,Leone,Sigge,lsiggedm@businessweek.com,Female,215.160.42.2
2492,Billi,Acarson,bacarsondn@ezinearticles.com,Female,152.137.189.191
2493,Kimmie,Bevis,kbevisdo@forbes.com,Female,211.66.215.88
2494,Marve,Allchorne,mallchornedp@mac.com,Male,79.175.247.144
2495,Stacia,Eydel,seydeldq@phoca.cz,Female,143.248.254.105
2496,Janet,Shakespear,jshakespeardr@dmoz.org,Female,82.91.15.150
2497,Guy,Emburey,gembureyds@squidoo.com,Male,169.64.178.169
2498,Killie,Gantzman,kgantzmandt@devhub.com,Male,133.36.227.223
2499,Annadiana,Greenlees,agreenleesdu@addthis.com,Female,21.5.79.182
2500,Worden,Serjeant,wserjeantdv@senate.gov,Male,138.15.246.38
2501,L;urette,Nutley,lnutleydw@icio.us,Female,56.78.63.184
2502,Jemmie,Baulk,jbaulkdx@amazon.de,Female,238.71.99.111
2503,Laurena,Verrills,lverrillsdy@gizmodo.com,Female,218.45.108.246
2504,Portie,Haighton,phaightondz@google.fr,Male,114.12.111.108
2505,Olwen,Maccaddie,omaccaddiee0@ftc.gov,Female,154.175.104.93
2506,Northrup,Abelevitz,nabelevitze1@illinois.edu,Male,163.2.216.3
2507,Alfred,Fogel,afogele2@mac.com,Male,91.112.253.165
2508,Clevey,Averay,caveraye3@biglobe.ne.jp,Male,161.228.38.33
2509,Lawrence,Stanney,lstanneye4@netlog.com,Male,12.98.46.181
2510,Iolanthe,Sowrah,isowrahe5@oakley.com,Female,145.43.239.94
2511,Rhianon,Bahlmann,rbahlmanne6@walmart.com,Bigender,246.195.155.67
2512,Judah,Sorensen,jsorensene7@independent.co.uk,Male,19.153.87.102
2513,Ker,Basnett,kbasnette8@fotki.com,Male,46.170.131.93
2514,Kaja,Cornew,kcornewe9@virginia.edu,Female,18.53.65.31
2515,Lynde,Baack,lbaackea@tinyurl.com,Female,40.5.160.121
2516,Englebert,Pelman,epelmaneb@skyrock.com,Male,213.212.96.62
2517,Clair,Siddle,csiddleec@cloudflare.com,Male,129.114.211.17
2518,Aurelea,Zini,azinied@blogtalkradio.com,Genderfluid,113.190.187.148
2519,Alena,Cheyney,acheyneyee@studiopress.com,Female,196.80.162.214
2520,Bart,Cuvley,bcuvleyef@ca.gov,Male,189.24.229.137
2521,Caleb,Luty,clutyeg@vistaprint.com,Agender,54.216.255.229
2522,Fredericka,Venediktov,fvenediktoveh@merriam-webster.com,Bigender,165.52.173.167
2523,Stormy,Bodd,sboddei@networksolutions.com,Bigender,201.202.42.187
2524,Cheryl,Laugier,claugierej@macromedia.com,Female,185.115.225.30
2525,Consuela,Alasdair,calasdairek@shop-pro.jp,Female,137.4.233.88
2526,Perren,MacGiany,pmacgianyel@com.com,Male,18.84.236.140
2527,Manolo,Bankhurst,mbankhurstem@utexas.edu,Male,162.60.28.84
2528,Lona,Adamov,ladamoven@booking.com,Female,44.41.86.59
2529,Cesare,D'Elia,cdeliaeo@youtu.be,Male,19.164.75.15
2530,Natasha,Dufton,nduftonep@harvard.edu,Genderqueer,230.20.95.89
2531,Thaddus,Krauss,tkrausseq@google.com.hk,Male,93.72.197.252
2532,Sidonia,Stollsteiner,sstollsteinerer@tiny.cc,Female,201.217.73.159
2533,Aurel,Pycock,apycockes@businesswire.com,Polygender,255.131.197.82
2534,Matthaeus,Marryatt,mmarryattet@ameblo.jp,Male,145.167.120.240
2535,Waldo,Seres,wsereseu@jalbum.net,Male,93.110.52.31
2536,Bent,Halsall,bhalsallev@ted.com,Male,143.38.53.232
2537,Elsinore,Sewter,esewterew@huffingtonpost.com,Female,15.245.8.24
2538,Gerhardt,Moy,gmoyex@elpais.com,Male,53.75.113.110
2539,Mattheus,Oxberry,moxberryey@psu.edu,Male,35.10.72.222
2540,Edik,Quarless,equarlessez@odnoklassniki.ru,Male,6.219.52.27
2541,Jacobo,Blair,jblairf0@fda.gov,Male,205.250.104.72
2542,Si,Leys,sleysf1@netlog.com,Genderqueer,62.233.238.102
2543,Scot,Moncreiff,smoncreifff2@ucoz.ru,Genderqueer,45.19.110.180
2544,Nancie,Escoffrey,nescoffreyf3@ted.com,Female,94.171.158.183
2545,Frasier,Redholls,fredhollsf4@ox.ac.uk,Male,33.49.141.55
2546,Lowrance,Fackrell,lfackrellf5@php.net,Male,14.134.200.237
2547,Mathias,Lawrance,mlawrancef6@weebly.com,Bigender,78.89.162.178
2548,Seline,Gallandre,sgallandref7@live.com,Female,46.201.124.217
2549,Cortney,Ladell,cladellf8@telegraph.co.uk,Female,77.68.24.205
2550,Tillie,Haythorne,thaythornef9@dedecms.com,Female,12.44.89.71
2551,Thibaut,Gillibrand,tgillibrandfa@elegantthemes.com,Male,241.150.80.13
2552,Valene,Jankowski,vjankowskifb@e-recht24.de,Female,210.120.156.4
2553,Quintin,Rudeforth,qrudeforthfc@jigsy.com,Male,236.120.39.214
2554,Erastus,Moralis,emoralisfd@msu.edu,Male,163.22.34.187
2555,Vina,Raymen,vraymenfe@utexas.edu,Female,99.57.163.134
2556,Kare,Heinritz,kheinritzff@scientificamerican.com,Female,1.188.197.164
2557,Emmott,Conboy,econboyfg@dmoz.org,Male,121.44.85.213
2558,Virge,Roxburgh,vroxburghfh@hc360.com,Male,45.83.211.131
2559,Elvis,Senyard,esenyardfi@sciencedaily.com,Genderfluid,115.159.70.105
2560,Chaddy,Dunridge,cdunridgefj@booking.com,Male,146.196.171.107
2561,Luci,Bonsale,lbonsalefk@archive.org,Female,158.123.24.199
2562,Amelina,Taffley,ataffleyfl@ezinearticles.com,Female,215.203.27.142
2563,Terrie,Keyho,tkeyhofm@merriam-webster.com,Genderfluid,214.220.206.98
2564,Rolph,Snailham,rsnailhamfn@goo.gl,Male,72.214.147.68
2565,Basile,Pichan,bpichanfo@patch.com,Male,92.216.229.2
2566,Mile,Dannel,mdannelfp@wikispaces.com,Male,154.43.131.59
2567,Olag,Simon,osimonfq@issuu.com,Genderqueer,237.125.204.217
2568,Beaufort,Maevela,bmaevelafr@salon.com,Male,28.119.52.166
2569,Elise,Dusey,eduseyfs@yale.edu,Female,247.64.33.217
2570,Hewett,Das,hdasft@mlb.com,Male,168.223.98.55
2571,Durant,Woods,dwoodsfu@independent.co.uk,Genderfluid,221.61.118.214
2572,Shalna,Sibbe,ssibbefv@nbcnews.com,Female,129.155.239.236
2573,Paxton,Harbron,pharbronfw@godaddy.com,Male,71.90.142.245
2574,Reinald,Rosenstock,rrosenstockfx@mit.edu,Male,218.70.122.4
2575,Jeanna,Roz,jrozfy@networkadvertising.org,Female,245.231.65.251
2576,Marielle,Tue,mtuefz@hostgator.com,Female,225.249.10.232
2577,Margarete,Rennix,mrennixg0@microsoft.com,Female,153.6.119.203
2578,Agata,Gillott,agillottg1@quantcast.com,Genderfluid,232.137.208.162
2579,Dania,Tacon,dtacong2@dmoz.org,Female,121.164.183.82
2580,Christyna,Frend,cfrendg3@hugedomains.com,Female,254.189.117.46
2581,Yorke,Durdle,ydurdleg4@addtoany.com,Male,7.190.10.80
2582,Hector,Etherington,hetheringtong5@home.pl,Genderfluid,232.240.69.239
2583,Kate,Beevis,kbeevisg6@google.pl,Female,49.213.7.2
2584,Jamey,Maskell,jmaskellg7@bizjournals.com,Male,120.93.251.172
2585,Denney,Butchart,dbutchartg8@youtu.be,Male,192.167.137.221
2586,Gabi,McRamsey,gmcramseyg9@samsung.com,Male,207.69.233.200
2587,Daisey,Cossans,dcossansga@hubpages.com,Female,46.251.18.11
2588,Mallory,Ianitti,mianittigb@digg.com,Male,103.206.42.223
2589,Jen,Delgadillo,jdelgadillogc@csmonitor.com,Female,56.116.103.81
2590,Claudio,Bousquet,cbousquetgd@cpanel.net,Male,188.61.87.242
2591,Ethelind,McAneny,emcanenyge@domainmarket.com,Female,138.132.178.108
2592,York,Murrock,ymurrockgf@columbia.edu,Male,88.35.14.212
2593,Dory,Vest,dvestgg@dmoz.org,Female,198.193.106.88
2594,Park,Drover,pdrovergh@dailymail.co.uk,Male,147.133.52.234
2595,Duff,Stoakley,dstoakleygi@java.com,Male,197.133.72.90
2596,Ninette,Allsup,nallsupgj@tripadvisor.com,Female,193.85.143.61
2597,Shaine,Glasman,sglasmangk@yellowpages.com,Male,125.158.49.229
2598,Birch,Hansberry,bhansberrygl@addtoany.com,Male,218.108.93.176
2599,Stanislaus,Byforth,sbyforthgm@behance.net,Male,6.136.137.103
2600,Kittie,Syson,ksysongn@berkeley.edu,Female,7.107.230.202
2601,Dag,Moncrieffe,dmoncrieffego@homestead.com,Bigender,3.172.167.219
2602,Tatum,Bonwell,tbonwellgp@csmonitor.com,Female,103.12.89.201
2603,Armando,Riggulsford,ariggulsfordgq@icq.com,Genderqueer,17.80.60.196
2604,Missy,Faint,mfaintgr@wikia.com,Agender,210.237.150.191
2605,Cecil,Iglesias,ciglesiasgs@prlog.org,Female,42.151.149.192
2606,Scotty,Concannon,sconcannongt@github.io,Male,69.218.210.47
2607,Tess,Greensall,tgreensallgu@wufoo.com,Female,223.127.251.214
2608,Culver,Shere,csheregv@networkadvertising.org,Male,169.47.124.145
2609,Silvana,Peddie,speddiegw@instagram.com,Female,65.129.204.93
2610,Loni,Boshard,lboshardgx@weebly.com,Female,132.249.245.203
2611,Freddie,Darrel,fdarrelgy@devhub.com,Male,34.17.112.148
2612,Lu,Ryhorovich,lryhorovichgz@ning.com,Female,166.110.81.28
2613,Kanya,Tedstone,ktedstoneh0@nature.com,Female,142.99.206.123
2614,Cinda,Scarrott,cscarrotth1@aboutads.info,Female,208.102.86.204
2615,Elsworth,Brehault,ebrehaulth2@bbc.co.uk,Male,228.178.59.86
2616,Malachi,Topp,mtopph3@gnu.org,Male,135.153.208.200
2617,Allissa,Waskett,awasketth4@dion.ne.jp,Female,219.218.69.159
2618,Hagen,Nolte,hnolteh5@mapquest.com,Male,121.10.19.41
2619,Sander,Calkin,scalkinh6@1688.com,Male,50.19.30.10
2620,Leonore,Gilbertson,lgilbertsonh7@lulu.com,Female,48.188.228.15
2621,Perkin,Norvill,pnorvillh8@google.fr,Male,3.156.213.146
2622,Tricia,Wanley,twanleyh9@cbslocal.com,Female,103.146.95.227
2623,Walt,Sparkwill,wsparkwillha@ihg.com,Male,52.32.38.205
2624,Prudy,Libri,plibrihb@accuweather.com,Female,171.169.222.223
2625,Yetty,Iremonger,yiremongerhc@si.edu,Female,3.169.15.212
2626,Beret,Benford,bbenfordhd@arstechnica.com,Genderqueer,212.7.55.78
2627,Augustus,Puttergill,aputtergillhe@freewebs.com,Male,248.38.24.36
2628,Fulton,Copin,fcopinhf@shareasale.com,Male,21.244.120.31
2629,Constancia,Glassopp,cglassopphg@amazon.de,Female,232.132.64.206
2630,Kathie,Espinha,kespinhahh@timesonline.co.uk,Female,32.7.28.27
2631,Katherina,Menpes,kmenpeshi@newsvine.com,Female,128.246.110.233
2632,Barton,Westcot,bwestcothj@wisc.edu,Male,69.13.234.155
2633,Livvie,Donahue,ldonahuehk@fema.gov,Agender,16.201.158.4
2634,Bert,Glantz,bglantzhl@rambler.ru,Male,72.83.230.224
2635,Chelsae,Trail,ctrailhm@istockphoto.com,Female,195.56.255.27
2636,Corri,Growcock,cgrowcockhn@shinystat.com,Female,79.29.177.87
2637,Federica,Tully,ftullyho@exblog.jp,Female,102.250.187.64
2638,Cull,MacMeeking,cmacmeekinghp@slideshare.net,Male,58.198.141.52
2639,Abby,Shilling,ashillinghq@deliciousdays.com,Female,232.137.75.64
2640,Onfroi,Wessel,owesselhr@eventbrite.com,Male,204.5.210.106
2641,Jens,Whitesel,jwhiteselhs@typepad.com,Male,232.249.188.50
2642,Danna,Summerlad,dsummerladht@cdbaby.com,Female,3.43.153.40
2643,Ernestus,Gronous,egronoushu@creativecommons.org,Male,222.60.110.101
2644,Tansy,Tamblingson,ttamblingsonhv@slashdot.org,Female,76.70.232.144
2645,Aguistin,McConigal,amcconigalhw@vimeo.com,Male,9.215.90.186
2646,Thom,Mannering,tmanneringhx@slate.com,Male,108.152.85.168
2647,Maritsa,Wheeldon,mwheeldonhy@cpanel.net,Female,199.17.223.151
2648,Barnabas,Southerton,bsouthertonhz@vk.com,Male,23.101.34.49
2649,Normy,Wolfart,nwolfarti0@eventbrite.com,Male,219.146.124.180
2650,Hannie,Knagges,hknaggesi1@ox.ac.uk,Female,47.206.87.46
2651,Torey,Didsbury,tdidsburyi2@gmpg.org,Male,194.60.23.213
2652,Flinn,Yanshinov,fyanshinovi3@mlb.com,Genderqueer,77.225.78.178
2653,Sharity,Skitch,sskitchi4@tinypic.com,Female,244.94.233.167
2654,Sibylle,Frusher,sfrusheri5@sfgate.com,Genderqueer,129.104.243.121
2655,Hamilton,Duffin,hduffini6@cnn.com,Male,236.123.39.151
2656,Linc,Forsythe,lforsythei7@sciencedaily.com,Male,103.22.70.113
2657,Oona,Fatkin,ofatkini8@ning.com,Female,135.138.239.227
2658,Cleavland,Colbron,ccolbroni9@imgur.com,Male,149.78.121.87
2659,Benn,Dawdary,bdawdaryia@surveymonkey.com,Male,61.164.60.202
2660,Alissa,Roby,arobyib@csmonitor.com,Genderfluid,8.133.104.190
2661,Shurlock,Tolefree,stolefreeic@livejournal.com,Male,2.176.212.44
2662,Davidde,Napoleone,dnapoleoneid@ebay.co.uk,Male,14.5.200.65
2663,Cate,Roberts,crobertsie@baidu.com,Female,131.101.153.158
2664,Jaquenetta,Fradgley,jfradgleyif@ed.gov,Female,50.85.149.101
2665,Jard,Tripe,jtripeig@foxnews.com,Male,110.9.151.4
2666,Arney,Elster,aelsterih@deviantart.com,Male,27.43.76.5
2667,Benedetta,Birt,bbirtii@netscape.com,Female,96.82.99.255
2668,Vanessa,Jandak,vjandakij@blogtalkradio.com,Female,132.146.4.215
2669,Nickie,Hartland,nhartlandik@godaddy.com,Male,218.36.105.52
2670,Roselin,Orthmann,rorthmannil@nih.gov,Female,139.112.228.30
2671,Eduardo,Lys,elysim@wikia.com,Male,99.249.124.129
2672,Drusie,Haney,dhaneyin@bloglovin.com,Female,49.121.236.24
2673,Gibbie,Bailes,gbailesio@cnbc.com,Male,234.85.101.196
2674,Darline,Pryke,dprykeip@com.com,Polygender,30.118.63.105
2675,Patrizia,Alenshev,palensheviq@networksolutions.com,Female,115.64.216.16
2676,Emalee,Furber,efurberir@economist.com,Female,247.216.10.137
2677,Britni,Conneau,bconneauis@nba.com,Female,87.234.146.144
2678,Godiva,Dresser,gdresserit@goo.gl,Genderfluid,252.142.182.179
2679,Gracia,Lapidus,glapidusiu@imgur.com,Bigender,191.167.82.120
2680,Norman,Penkman,npenkmaniv@wunderground.com,Male,241.98.6.202
2681,Brenden,Girard,bgirardiw@fc2.com,Male,150.195.174.110
2682,Emogene,O'Loughane,eoloughaneix@gov.uk,Female,75.98.165.25
2683,Chic,Aries,cariesiy@earthlink.net,Male,106.15.169.207
2684,Mindy,McColm,mmccolmiz@slashdot.org,Bigender,222.73.75.94
2685,Tobiah,Scholling,tschollingj0@jimdo.com,Male,118.167.133.130
2686,Thurstan,Wurz,twurzj1@tiny.cc,Male,139.45.88.203
2687,Hillary,Posse,hpossej2@godaddy.com,Male,226.137.247.143
2688,Innis,McGrudder,imcgrudderj3@xinhuanet.com,Male,161.127.185.255
2689,Ive,Eustis,ieustisj4@elegantthemes.com,Male,245.185.75.85
2690,Morty,Testo,mtestoj5@dedecms.com,Male,44.30.155.179
2691,Shellie,Wilacot,swilacotj6@pagesperso-orange.fr,Female,147.185.194.110
2692,Gerome,Leithgoe,gleithgoej7@dedecms.com,Polygender,240.214.142.177
2693,Chicky,Klyn,cklynj8@infoseek.co.jp,Male,170.172.38.86
2694,Shirlene,Shiril,sshirilj9@bloomberg.com,Agender,129.120.198.127
2695,Dirk,Corssen,dcorssenja@nifty.com,Male,63.237.211.126
2696,Brooks,Chittleburgh,bchittleburghjb@over-blog.com,Female,238.126.254.125
2697,Fleming,Turbern,fturbernjc@cocolog-nifty.com,Male,236.25.216.162
2698,Westbrooke,Wisdom,wwisdomjd@reddit.com,Male,247.177.111.245
2699,Caitlin,Yakobovitz,cyakobovitzje@sbwire.com,Female,12.166.147.216
2700,Kent,Desesquelle,kdesesquellejf@elpais.com,Genderfluid,13.174.251.127
2701,Leonardo,Fehners,lfehnersjg@jimdo.com,Male,98.244.220.32
2702,Garvy,Rodnight,grodnightjh@google.ca,Male,139.118.99.7
2703,Broderic,Bruntje,bbruntjeji@bloglines.com,Male,86.88.38.38
2704,Tadeas,Woodwin,twoodwinjj@yale.edu,Male,187.219.31.45
2705,Inness,Littlemore,ilittlemorejk@phoca.cz,Male,53.232.179.205
2706,Christophe,Pennell,cpennelljl@earthlink.net,Male,190.44.252.18
2707,Sidnee,Pyke,spykejm@discovery.com,Male,102.76.231.98
2708,Adriane,Yandell,ayandelljn@pen.io,Female,244.236.5.218
2709,Valentijn,Corde,vcordejo@etsy.com,Male,85.180.167.167
2710,Jerrome,Kubek,jkubekjp@thetimes.co.uk,Male,234.52.106.20
2711,Wyndham,Fuchs,wfuchsjq@acquirethisname.com,Genderfluid,115.245.111.16
2712,Corny,O'Skehan,coskehanjr@flavors.me,Male,166.189.5.156
2713,Cathi,Pretley,cpretleyjs@geocities.com,Female,195.118.58.148
2714,Worden,Noorwood,wnoorwoodjt@dell.com,Male,35.70.148.109
2715,Tedie,Leyman,tleymanju@cafepress.com,Male,156.23.209.102
2716,Gunter,Dudding,gduddingjv@webs.com,Genderfluid,21.60.255.71
2717,Alexandr,Winterson,awintersonjw@mail.ru,Male,134.181.152.228
2718,Gladys,Dentith,gdentithjx@shareasale.com,Female,255.100.117.210
2719,Eula,Kervin,ekervinjy@youtu.be,Female,246.68.176.139
2720,Fowler,Habbes,fhabbesjz@wix.com,Male,214.249.23.197
2721,Abram,Odcroft,aodcroftk0@cornell.edu,Male,123.118.170.90
2722,Henrie,Bringloe,hbringloek1@techcrunch.com,Female,2.35.81.20
2723,Dasie,Juszczyk,djuszczykk2@w3.org,Female,128.82.147.198
2724,Brewster,Currao,bcurraok3@istockphoto.com,Male,50.154.156.64
2725,Audi,Turbitt,aturbittk4@joomla.org,Female,90.84.91.234
2726,Aaren,Dreng,adrengk5@macromedia.com,Female,87.103.23.171
2727,Angus,Meco,amecok6@slashdot.org,Male,187.13.26.68
2728,Daisey,Harg,dhargk7@360.cn,Female,227.213.38.140
2729,Martica,Tendahl,mtendahlk8@ted.com,Female,131.113.136.51
2730,Valry,Forsey,vforseyk9@princeton.edu,Bigender,176.26.163.164
2731,Royal,Hanscome,rhanscomeka@slashdot.org,Male,232.151.16.234
2732,Gerhard,Mulqueen,gmulqueenkb@si.edu,Male,2.75.9.129
2733,Jolie,Polini,jpolinikc@arstechnica.com,Female,132.158.104.240
2734,Filippa,Drillingcourt,fdrillingcourtkd@dion.ne.jp,Female,6.20.146.189
2735,Bernard,MacInnes,bmacinneske@dion.ne.jp,Male,16.71.153.241
2736,Flynn,Evered,feveredkf@feedburner.com,Male,125.197.135.196
2737,Davon,Mitchel,dmitchelkg@themeforest.net,Male,203.47.205.129
2738,Christabel,Aldham,caldhamkh@rambler.ru,Female,212.25.137.172
2739,Tiffany,Dorkens,tdorkenski@rambler.ru,Female,114.229.203.167
2740,Theressa,Astridge,tastridgekj@cargocollective.com,Female,19.141.130.143
2741,Pierson,Yuille,pyuillekk@t.co,Genderqueer,189.182.241.77
2742,Barry,Rosenfelder,brosenfelderkl@sogou.com,Genderfluid,211.34.209.12
2743,Nichols,Humphris,nhumphriskm@earthlink.net,Genderqueer,255.178.106.86
2744,Maynard,Hodge,mhodgekn@goo.gl,Male,153.30.210.98
2745,Stephenie,Janas,sjanasko@zdnet.com,Female,11.184.81.106
2746,Justis,Jewel,jjewelkp@diigo.com,Male,46.26.126.201
2747,Hermie,Lodeke,hlodekekq@ucsd.edu,Male,82.4.216.217
2748,Brock,Ingamells,bingamellskr@gravatar.com,Male,6.164.98.244
2749,Briney,Duker,bdukerks@odnoklassniki.ru,Female,74.177.199.227
2750,Renata,Fone,rfonekt@shutterfly.com,Female,54.67.139.220
2751,Gerard,Gimbrett,ggimbrettku@bbb.org,Male,151.18.205.18
2752,Karel,Mougeot,kmougeotkv@yellowpages.com,Female,114.235.32.151
2753,Wakefield,Cundey,wcundeykw@amazon.co.jp,Male,47.172.24.100
2754,Derwin,Hudel,dhudelkx@domainmarket.com,Male,48.70.110.186
2755,Homere,Eminson,heminsonky@unicef.org,Male,133.161.92.237
2756,Bennett,Pusey,bpuseykz@ft.com,Male,210.202.137.194
2757,Doralin,Turrell,dturrelll0@cpanel.net,Female,105.62.41.149
2758,Andris,Dietzler,adietzlerl1@php.net,Male,148.146.89.100
2759,Livy,Tiley,ltileyl2@amazon.de,Female,108.181.255.208
2760,Avigdor,Sibray,asibrayl3@hubpages.com,Male,126.92.25.243
2761,Sheelagh,Smitheram,ssmitheraml4@sourceforge.net,Female,240.219.224.230
2762,Reynard,Ribey,rribeyl5@opensource.org,Male,253.123.70.33
2763,Adrian,Cramond,acramondl6@google.com.br,Male,140.63.78.39
2764,Isabeau,Hargraves,ihargravesl7@unblog.fr,Female,170.169.20.244
2765,Saunder,Monger,smongerl8@lycos.com,Non-binary,115.62.164.130
2766,Elladine,Oblein,eobleinl9@e-recht24.de,Female,223.23.134.212
2767,Sayers,Songhurst,ssonghurstla@usa.gov,Male,148.23.234.235
2768,Camala,Goby,cgobylb@senate.gov,Female,156.176.207.107
2769,Hugh,Clemens,hclemenslc@e-recht24.de,Male,160.248.9.127
2770,Hollis,Diment,hdimentld@opera.com,Male,21.140.155.102
2771,Nikki,Blunn,nblunnle@so-net.ne.jp,Genderqueer,50.57.199.38
2772,Wilek,Braine,wbrainelf@free.fr,Male,68.228.65.93
2773,Angel,Morrison,amorrisonlg@vinaora.com,Male,87.72.33.96
2774,Swen,Canaan,scanaanlh@alexa.com,Male,225.77.184.140
2775,Juli,Desaur,jdesaurli@github.com,Female,67.27.226.69
2776,Buckie,Parry,bparrylj@earthlink.net,Male,67.205.135.160
2777,Sidnee,Featherstone,sfeatherstonelk@vinaora.com,Male,215.131.137.146
2778,Araldo,Moorcroft,amoorcroftll@miibeian.gov.cn,Agender,146.127.81.87
2779,Freddi,Pullar,fpullarlm@independent.co.uk,Female,40.39.174.167
2780,Beatrice,McCrossan,bmccrossanln@discovery.com,Female,202.95.85.145
2781,Rodina,Brognot,rbrognotlo@newyorker.com,Agender,231.218.251.238
2782,Sherlock,Gambell,sgambelllp@amazon.co.jp,Male,96.23.123.235
2783,Michelle,Nisco,mniscolq@whitehouse.gov,Female,179.1.28.123
2784,Wilmar,Tynan,wtynanlr@wsj.com,Male,74.97.20.255
2785,Edsel,Moulding,emouldingls@huffingtonpost.com,Male,9.189.99.175
2786,Krishna,Korba,kkorbalt@hatena.ne.jp,Male,111.116.128.25
2787,Dag,Burrett,dburrettlu@i2i.jp,Male,206.161.218.34
2788,Knox,Halvosen,khalvosenlv@i2i.jp,Male,202.213.69.144
2789,Micheline,Bruton,mbrutonlw@g.co,Female,121.91.60.152
2790,Angelico,Kehoe,akehoelx@paginegialle.it,Male,217.223.81.101
2791,Calypso,Soughton,csoughtonly@hp.com,Female,88.233.185.207
2792,Hanna,Arnell,harnelllz@icq.com,Female,88.153.11.16
2793,Dino,Goudie,dgoudiem0@squidoo.com,Male,55.31.103.73
2794,Rebeca,Rew,rrewm1@about.me,Female,194.122.219.63
2795,Elnar,Harder,eharderm2@mlb.com,Male,240.158.113.54
2796,Erinn,Gooly,egoolym3@wikispaces.com,Female,237.56.28.37
2797,Chrissie,Tour,ctourm4@un.org,Male,46.62.9.27
2798,Reggie,MacLure,rmaclurem5@1688.com,Agender,25.169.87.86
2799,Laura,Ciraldo,lciraldom6@nymag.com,Female,96.181.77.76
2800,Gaultiero,Currall,gcurrallm7@dion.ne.jp,Male,248.198.22.90
2801,Bay,Widdup,bwiddupm8@acquirethisname.com,Male,56.42.204.214
2802,Linnell,Lackmann,llackmannm9@eventbrite.com,Female,46.230.200.254
2803,Robbert,Frank,rfrankma@typepad.com,Male,118.86.6.177
2804,Fay,Hackley,fhackleymb@about.me,Female,208.38.130.47
2805,Aubine,Stickells,astickellsmc@usatoday.com,Genderfluid,119.105.137.49
2806,Dona,Selly,dsellymd@myspace.com,Female,31.12.161.40
2807,Giorgia,Benzies,gbenziesme@webmd.com,Female,130.166.73.104
2808,Filmore,Roycroft,froycroftmf@pbs.org,Male,79.163.233.151
2809,Dione,Bernocchi,dbernocchimg@icq.com,Female,12.40.107.54
2810,Rosanne,Glassup,rglassupmh@alibaba.com,Female,238.117.131.111
2811,Lesley,Hynam,lhynammi@oaic.gov.au,Female,6.67.15.114
2812,Rodney,Oliva,rolivamj@issuu.com,Male,210.14.52.198
2813,Agnola,Gallear,agallearmk@altervista.org,Female,94.221.73.14
2814,Catherin,Painter,cpainterml@cnbc.com,Female,109.59.91.97
2815,Andre,Owbridge,aowbridgemm@smh.com.au,Male,246.84.145.10
2816,Leslie,Tidder,ltiddermn@stumbleupon.com,Genderfluid,155.235.14.212
2817,Merilee,Chippindall,mchippindallmo@loc.gov,Polygender,170.33.83.245
2818,Karla,Byres,kbyresmp@dmoz.org,Female,107.91.61.83
2819,Bevvy,Reuble,breublemq@hugedomains.com,Female,105.228.134.53
2820,Griff,Jopson,gjopsonmr@wufoo.com,Male,37.50.175.68
2821,Ami,Denge,adengems@wufoo.com,Female,241.77.218.243
2822,Catie,Mordey,cmordeymt@eepurl.com,Female,138.48.10.53
2823,Emelen,Sterley,esterleymu@phoca.cz,Male,140.87.157.143
2824,Lesley,MacCafferty,lmaccaffertymv@storify.com,Male,14.31.140.77
2825,Starr,Costerd,scosterdmw@telegraph.co.uk,Female,199.1.189.76
2826,Nathanael,Ebrall,nebrallmx@apple.com,Male,41.29.200.143
2827,Judye,Manifield,jmanifieldmy@imgur.com,Female,15.58.230.4
2828,Freedman,Blakeden,fblakedenmz@yandex.ru,Non-binary,47.98.94.96
2829,August,Solley,asolleyn0@chicagotribune.com,Male,114.195.55.45
2830,Benedikta,Phifer,bphifern1@geocities.com,Female,178.103.107.50
2831,Emmet,Towlson,etowlsonn2@is.gd,Male,64.220.131.159
2832,Chastity,Hyndson,chyndsonn3@umn.edu,Female,246.181.96.196
2833,Milly,Dyster,mdystern4@time.com,Female,165.8.217.233
2834,Melva,Jones,mjonesn5@edublogs.org,Female,109.11.192.72
2835,Rene,Priddey,rpriddeyn6@redcross.org,Male,187.165.65.90
2836,Ezmeralda,Fretwell,efretwelln7@ezinearticles.com,Polygender,157.76.173.209
2837,Gae,Meigh,gmeighn8@woothemes.com,Female,108.101.121.128
2838,Calv,McLae,cmclaen9@who.int,Male,47.151.43.222
2839,Zandra,Clipsham,zclipshamna@prlog.org,Female,96.177.203.110
2840,Granger,Dugood,gdugoodnb@narod.ru,Male,18.181.107.143
2841,Avram,Ronchka,aronchkanc@biblegateway.com,Male,0.152.19.109
2842,Tyson,Gosnall,tgosnallnd@wikipedia.org,Genderfluid,199.30.242.153
2843,Shelden,Blagburn,sblagburnne@networkadvertising.org,Male,34.241.100.221
2844,Carlen,Bridell,cbridellnf@furl.net,Female,141.10.123.159
2845,Phylis,Mattimoe,pmattimoeng@hubpages.com,Female,66.87.70.97
2846,Dollie,Deere,ddeerenh@latimes.com,Genderqueer,31.83.234.216
2847,Enid,Jedrzejewski,ejedrzejewskini@aol.com,Female,137.7.66.36
2848,Emmet,Meigh,emeighnj@shareasale.com,Male,249.35.70.186
2849,Nancie,Currey,ncurreynk@amazon.com,Female,221.138.216.7
2850,Caro,Tew,ctewnl@thetimes.co.uk,Female,244.36.246.119
2851,Danella,Raggatt,draggattnm@jigsy.com,Female,105.205.86.7
2852,Sandor,McTeague,smcteaguenn@irs.gov,Male,6.170.76.127
2853,Elsworth,Nutty,enuttyno@trellian.com,Male,171.204.35.145
2854,Trueman,Barns,tbarnsnp@canalblog.com,Male,68.234.240.178
2855,Cortney,O'Deoran,codeorannq@123-reg.co.uk,Female,246.176.202.90
2856,Olenka,Smowton,osmowtonnr@si.edu,Female,168.178.60.174
2857,Harlin,Radish,hradishns@toplist.cz,Male,148.146.86.250
2858,Oswell,Quaif,oquaifnt@google.com.br,Male,52.187.220.15
2859,Fulton,Verden,fverdennu@t.co,Male,94.141.155.188
2860,Claudetta,Chastand,cchastandnv@stumbleupon.com,Female,235.16.74.35
2861,Hartwell,Headech,hheadechnw@multiply.com,Male,216.225.88.5
2862,Hurleigh,Chown,hchownnx@sfgate.com,Male,107.139.156.140
2863,Deeyn,Reeves,dreevesny@photobucket.com,Female,83.47.115.75
2864,Diane-marie,Kuhndel,dkuhndelnz@php.net,Female,243.104.138.158
2865,Kerry,Ruskin,kruskino0@youtu.be,Agender,243.26.150.147
2866,Yetta,Kidby,ykidbyo1@vimeo.com,Female,191.202.132.161
2867,Vanna,Grealy,vgrealyo2@dmoz.org,Female,107.79.209.134
2868,Reba,Plan,rplano3@jugem.jp,Female,177.14.82.124
2869,Royce,Longland,rlonglando4@dailymail.co.uk,Male,165.228.62.17
2870,Angeline,Dowson,adowsono5@dagondesign.com,Female,186.96.137.144
2871,Matthew,Shufflebotham,mshufflebothamo6@mozilla.org,Male,26.244.77.160
2872,Lesya,Hattiff,lhattiffo7@meetup.com,Female,249.63.175.176
2873,Thom,Von Brook,tvonbrooko8@amazon.co.uk,Male,126.239.149.78
2874,Frankie,Adanet,fadaneto9@slate.com,Male,55.92.95.19
2875,Garwood,Coverly,gcoverlyoa@fotki.com,Male,9.128.250.92
2876,Star,Kerrod,skerrodob@netlog.com,Female,138.11.112.228
2877,Arlan,Cribbin,acribbinoc@nba.com,Male,87.188.130.175
2878,Glenna,Drydale,gdrydaleod@hatena.ne.jp,Female,110.120.48.44
2879,Alphonse,De Francisci,adefranciscioe@huffingtonpost.com,Male,87.58.136.114
2880,Aurea,McGloin,amcgloinof@vkontakte.ru,Female,105.86.200.89
2881,Constantia,Moakson,cmoaksonog@icio.us,Female,141.146.15.186
2882,Pebrook,Sextie,psextieoh@blogspot.com,Male,165.175.115.254
2883,Gail,Hebbes,ghebbesoi@jugem.jp,Female,92.131.193.120
2884,Maridel,Rymill,mrymilloj@people.com.cn,Female,77.143.6.235
2885,Moselle,McLagan,mmclaganok@woothemes.com,Female,79.17.245.55
2886,Germaine,Parsons,gparsonsol@icio.us,Male,245.183.120.167
2887,Salomo,Garnsey,sgarnseyom@europa.eu,Male,217.125.8.155
2888,Penn,Domange,pdomangeon@dyndns.org,Male,87.83.220.89
2889,Frank,Le feaver,flefeaveroo@seesaa.net,Bigender,138.1.8.141
2890,Gerrie,Piggin,gpigginop@disqus.com,Female,24.60.184.241
2891,Kyrstin,Wheelwright,kwheelwrightoq@t.co,Female,28.247.59.183
2892,Micheil,McIlvenny,mmcilvennyor@t-online.de,Genderfluid,7.92.53.34
2893,Rafaelia,Sargant,rsargantos@rakuten.co.jp,Female,115.82.130.63
2894,Pat,Peltz,ppeltzot@opera.com,Male,91.118.199.215
2895,Doris,Brinkler,dbrinklerou@eepurl.com,Female,84.199.4.18
2896,Siward,Goford,sgofordov@digg.com,Male,76.197.136.107
2897,Ingmar,Tregidgo,itregidgoow@wp.com,Bigender,31.149.54.73
2898,Betteanne,Skinley,bskinleyox@indiatimes.com,Female,69.57.146.105
2899,Chan,Jeste,cjesteoy@cornell.edu,Male,52.218.135.201
2900,Garv,Abrahamovitz,gabrahamovitzoz@wix.com,Male,236.72.251.151
2901,Nessie,Ronald,nronaldp0@usda.gov,Female,24.79.154.15
2902,Bruno,Sheivels,bsheivelsp1@ucla.edu,Male,118.138.227.203
2903,Salomo,Druce,sdrucep2@blogspot.com,Male,160.62.98.72
2904,Herbie,Rentalll,hrentalllp3@jalbum.net,Male,108.155.74.13
2905,Molly,Ziehm,mziehmp4@digg.com,Female,192.172.65.40
2906,Fenelia,MacAnelley,fmacanelleyp5@wufoo.com,Female,23.61.245.234
2907,Bran,Rabier,brabierp6@twitter.com,Male,124.191.63.213
2908,Madonna,Bessant,mbessantp7@aol.com,Female,12.4.91.88
2909,Eolande,Madsen,emadsenp8@sciencedirect.com,Female,242.9.45.106
2910,Sherwynd,Danielski,sdanielskip9@artisteer.com,Bigender,119.154.32.48
2911,Levin,Lesurf,llesurfpa@acquirethisname.com,Male,254.170.56.251
2912,Wilfred,Decourt,wdecourtpb@psu.edu,Male,222.126.255.91
2913,Aloysia,Wills,awillspc@miitbeian.gov.cn,Agender,208.98.77.32
2914,Brigida,Edgar,bedgarpd@blogs.com,Female,72.190.75.230
2915,Dav,Rozenbaum,drozenbaumpe@ebay.co.uk,Male,197.243.81.181
2916,Tarrance,Briztman,tbriztmanpf@zimbio.com,Male,126.183.68.193
2917,Roderick,Bryceson,rbrycesonpg@liveinternet.ru,Agender,46.108.242.229
2918,Hedwiga,Glazer,hglazerph@zdnet.com,Female,93.1.232.254
2919,Wallis,O'Cannavan,wocannavanpi@xing.com,Female,191.127.147.120
2920,Ronnie,Melia,rmeliapj@foxnews.com,Male,248.155.121.114
2921,Trix,Janczewski,tjanczewskipk@e-recht24.de,Female,143.141.78.9
2922,Baird,Burgise,bburgisepl@pbs.org,Male,118.3.62.63
2923,Ward,Reichhardt,wreichhardtpm@xrea.com,Male,95.179.216.96
2924,Patty,Kenney,pkenneypn@mediafire.com,Female,21.216.70.201
2925,Maryjo,Hoffmann,mhoffmannpo@icq.com,Female,235.174.16.254
2926,Byrom,Bellison,bbellisonpp@joomla.org,Non-binary,183.145.192.6
2927,Lin,Allender,lallenderpq@nature.com,Male,150.132.223.140
2928,Leroi,Tomisch,ltomischpr@google.fr,Male,32.108.171.207
2929,Kristy,Pye,kpyeps@wordpress.com,Female,203.58.149.181
2930,Shea,Putterill,sputterillpt@spiegel.de,Female,76.47.99.22
2931,Rena,Calcutt,rcalcuttpu@microsoft.com,Female,195.118.244.125
2932,Bliss,Vaneev,bvaneevpv@reference.com,Female,186.216.210.247
2933,Fonzie,Mockler,fmocklerpw@photobucket.com,Male,221.26.208.39
2934,Mikkel,Kelland,mkellandpx@twitter.com,Male,176.79.59.19
2935,Gracia,Doak,gdoakpy@biblegateway.com,Genderfluid,41.131.187.192
2936,Tiffi,Tendahl,ttendahlpz@goo.gl,Female,128.111.39.77
2937,Dimitry,Wiffield,dwiffieldq0@surveymonkey.com,Male,194.122.69.135
2938,Kathe,Cossar,kcossarq1@sfgate.com,Female,235.230.201.148
2939,Gracia,Primmer,gprimmerq2@upenn.edu,Female,200.110.36.232
2940,Gabie,Foden,gfodenq3@webmd.com,Female,56.46.112.175
2941,Guillermo,Possell,gpossellq4@ed.gov,Male,201.87.146.192
2942,Wilma,Lewens,wlewensq5@naver.com,Female,113.8.112.145
2943,Shirlee,Matz,smatzq6@mashable.com,Female,250.7.19.53
2944,Bartolemo,Medhurst,bmedhurstq7@exblog.jp,Male,16.86.47.0
2945,Wye,Jehaes,wjehaesq8@nbcnews.com,Male,207.38.186.170
2946,Melina,Bennedsen,mbennedsenq9@uol.com.br,Female,172.155.219.13
2947,Sandra,McDarmid,smcdarmidqa@ameblo.jp,Female,187.70.125.20
2948,Fifi,Hallen,fhallenqb@marriott.com,Female,209.144.12.234
2949,Audry,Widdowes,awiddowesqc@businessweek.com,Female,75.139.212.152
2950,Rubin,Blincowe,rblincoweqd@irs.gov,Male,56.188.16.255
2951,Marijn,Button,mbuttonqe@wikipedia.org,Male,228.7.46.255
2952,Delly,Southwick,dsouthwickqf@ftc.gov,Female,203.58.21.238
2953,Hobart,Cooney,hcooneyqg@shutterfly.com,Male,169.43.231.145
2954,Sylas,Grindell,sgrindellqh@tmall.com,Male,164.207.10.212
2955,Patrizio,Glencrosche,pglencroscheqi@github.io,Male,73.75.12.185
2956,Vaughan,Morais,vmoraisqj@exblog.jp,Male,245.140.141.225
2957,Zea,Raleston,zralestonqk@nydailynews.com,Female,78.167.172.107
2958,Obadiah,Jenno,ojennoql@businesswire.com,Male,197.191.13.59
2959,Farrell,De Matteis,fdematteisqm@cnet.com,Male,70.139.150.132
2960,Quinta,Gross,qgrossqn@scientificamerican.com,Polygender,57.38.38.12
2961,Eli,Klewi,eklewiqo@icio.us,Male,45.36.153.2
2962,Philis,Alldread,palldreadqp@auda.org.au,Female,135.167.147.186
2963,Ariana,Wiper,awiperqq@berkeley.edu,Female,30.79.126.153
2964,Eudora,Matys,ematysqr@sfgate.com,Bigender,110.228.138.146
2965,Tam,Tollfree,ttollfreeqs@mediafire.com,Male,125.223.49.243
2966,Katrina,Biffin,kbiffinqt@google.co.uk,Female,194.139.132.253
2967,Gerick,Causey,gcauseyqu@nps.gov,Male,211.43.189.34
2968,Dorrie,Niven,dnivenqv@ft.com,Female,170.116.21.222
2969,Berta,Spellissy,bspellissyqw@wikia.com,Genderfluid,162.136.210.72
2970,Alicia,Boxen,aboxenqx@google.ca,Female,60.251.206.195
2971,Paige,Gamage,pgamageqy@qq.com,Female,11.43.219.235
2972,Israel,Filppetti,ifilppettiqz@vinaora.com,Male,115.109.184.107
2973,Ottilie,Newman,onewmanr0@businessweek.com,Female,61.118.77.109
2974,Glenna,Charte,gcharter1@naver.com,Female,93.172.113.194
2975,Edgar,Lodo,elodor2@google.ca,Male,150.74.251.221
2976,Ira,Newburn,inewburnr3@weather.com,Female,168.65.140.147
2977,Elwyn,Kerford,ekerfordr4@uiuc.edu,Male,227.190.68.169
2978,Brietta,Mounfield,bmounfieldr5@phpbb.com,Female,181.214.79.11
2979,Rice,Merwood,rmerwoodr6@shinystat.com,Male,175.130.27.71
2980,Veronike,Rothon,vrothonr7@goo.gl,Female,153.207.214.144
2981,Lynette,Corryer,lcorryerr8@miitbeian.gov.cn,Female,75.192.187.56
2982,Tressa,Berndsen,tberndsenr9@mail.ru,Female,161.11.38.41
2983,Chere,Yearne,cyearnera@opera.com,Female,52.159.10.82
2984,Pris,Grubey,pgrubeyrb@usda.gov,Female,8.130.3.239
2985,Mala,Mangion,mmangionrc@apache.org,Female,239.95.250.148
2986,Orella,Alps,oalpsrd@spotify.com,Female,51.16.205.187
2987,Algernon,Syncke,asynckere@mysql.com,Male,239.111.104.245
2988,Kelcy,Wilkins,kwilkinsrf@tuttocitta.it,Female,251.128.98.74
2989,Garik,Betteson,gbettesonrg@java.com,Male,214.227.98.197
2990,Omar,Shawyer,oshawyerrh@pbs.org,Male,205.169.176.47
2991,Mason,Stains,mstainsri@acquirethisname.com,Male,162.75.229.218
2992,Barty,Dwight,bdwightrj@hc360.com,Male,234.22.167.101
2993,Brinn,Mallinson,bmallinsonrk@zdnet.com,Female,19.23.0.170
2994,Joellyn,Forster,jforsterrl@ehow.com,Female,234.49.242.186
2995,Herold,Carnduff,hcarnduffrm@prweb.com,Male,213.189.255.149
2996,Mallory,Duchenne,mduchennern@forbes.com,Female,8.92.31.237
2997,Eleen,Basnett,ebasnettro@un.org,Female,21.83.97.206
2998,Paolo,Lavall,plavallrp@cnbc.com,Male,97.133.190.47
2999,Panchito,Plews,pplewsrq@de.vu,Male,44.190.132.240
3000,Kalle,Frosdick,kfrosdickrr@reference.com,Male,141.151.19.129
