id,first_name,last_name,email,gender,ip_address
1001,Cate,Josovich,cjosovich0@un.org,Female,201.74.153.50
1002,Tybie,Tynewell,ttynewell1@time.com,Female,51.35.211.222
1003,Krysta,Berthel,kberthel2@live.com,Genderqueer,45.145.106.122
1004,Johan,Telling,jtelling3@walmart.com,Male,186.246.111.174
1005,Corinna,Liggens,cliggens4@t-online.de,Female,72.210.161.176
1006,Ardelis,Verry,averry5@jalbum.net,Female,97.65.121.112
1007,Brook,Tottem,btottem6@barnesandnoble.com,Male,242.192.220.4
1008,Gearalt,Begley,gbegley7@twitpic.com,Non-binary,76.97.6.212
1009,Haywood,Trimmell,htrimmell8@soup.io,Bigender,254.11.37.94
1010,Robinetta,Gillham,rgillham9@ehow.com,Female,167.62.245.130
1011,Katharyn,Steffans,ksteffansa@xing.com,Female,108.210.88.157
1012,Gabbie,Westberg,gwestbergb@e-recht24.de,Non-binary,166.1.215.142
1013,Ellis,Kellert,ekellertc@furl.net,Male,48.159.164.219
1014,Constantino,Noto,cnotod@indiegogo.com,Male,152.252.113.110
1015,Crichton,Jedrysik,cjedrysike@furl.net,Bigender,5.225.203.177
1016,Lorens,Lodovichi,llodovichif@discovery.com,Male,255.238.112.190
1017,Poppy,Enser,penserg@ehow.com,Female,95.187.80.162
1018,Sibilla,Hoyle,shoyleh@imageshack.us,Female,234.241.14.68
1019,Kelci,Tinton,ktintoni@bbb.org,Female,8.102.45.214
1020,Adella,Gorden,agordenj@g.co,Female,138.128.23.171
1021,Ciel,Ramstead,cramsteadk@businessweek.com,Female,58.154.109.155
1022,Fredek,Schooley,fschooleyl@yelp.com,Male,84.244.11.237
1023,Grethel,Marriot,gmarriotm@istockphoto.com,Female,82.211.140.43
1024,Harriot,Savin,hsavinn@weebly.com,Female,53.209.96.43
1025,Mada,Coltman,mcoltmano@typepad.com,Female,24.84.50.223
1026,Debbi,Dickie,ddickiep@macromedia.com,Female,135.218.245.50
1027,Obidiah,Wasteney,owasteneyq@artisteer.com,Male,74.66.4.87
1028,Kristopher,Sangwine,ksangwiner@wsj.com,Male,238.88.228.21
1029,Binky,Ciccotti,bciccottis@cam.ac.uk,Male,81.172.7.138
1030,Adaline,Urion,auriont@sogou.com,Female,180.229.39.25
1031,Andreana,Carnduff,acarnduffu@sbwire.com,Female,156.140.15.29
1032,Nannette,Codi,ncodiv@nifty.com,Female,142.166.146.177
1033,Joellen,Flute,jflutew@woothemes.com,Female,106.25.12.167
1034,Minny,Aisman,maismanx@etsy.com,Female,190.111.13.67
1035,Saudra,Saurin,ssauriny@whitehouse.gov,Female,217.225.34.5
1036,Dodie,Pearsall,dpearsallz@yandex.ru,Female,239.170.248.128
1037,Romola,Godfree,rgodfree10@ihg.com,Female,50.78.142.70
1038,Myriam,MacParland,mmacparland11@examiner.com,Female,7.158.248.63
1039,Nady,Josephs,njosephs12@163.com,Female,183.36.37.13
1040,Kath,Chilcott,kchilcott13@goodreads.com,Female,24.36.251.203
1041,Billie,Versey,bversey14@hp.com,Female,44.68.87.128
1042,Mechelle,Dosdale,mdosdale15@4shared.com,Female,98.174.182.82
1043,Katherine,Mosdill,kmosdill16@bigcartel.com,Female,237.73.57.216
1044,Nara,Gogie,ngogie17@salon.com,Female,179.67.85.42
1045,Andris,Becconsall,abecconsall18@wsj.com,Male,146.124.251.22
1046,Cletus,Huller,chuller19@barnesandnoble.com,Male,68.30.6.21
1047,Jeromy,Tunniclisse,jtunniclisse1a@cisco.com,Male,194.188.226.72
1048,Skylar,McTavy,smctavy1b@geocities.jp,Male,74.247.134.154
1049,Webster,Grundon,wgrundon1c@icio.us,Male,65.116.87.98
1050,Lynn,Audsley,laudsley1d@google.it,Female,245.199.92.242
1051,Inness,Crossdale,icrossdale1e@timesonline.co.uk,Male,248.248.64.213
1052,Barbabra,Larciere,blarciere1f@sitemeter.com,Female,127.157.239.16
1053,Merola,Veldens,mveldens1g@google.ca,Female,164.108.64.5
1054,Renaud,Owlner,rowlner1h@i2i.jp,Male,128.25.107.102
1055,Caryl,Basketter,cbasketter1i@over-blog.com,Female,69.184.177.59
1056,Maritsa,Nazair,mnazair1j@telegraph.co.uk,Female,191.12.14.255
1057,Orly,Lopes,olopes1k@techcrunch.com,Female,33.163.131.18
1058,Gertrude,Portman,gportman1l@mysql.com,Female,213.214.243.139
1059,James,Mecozzi,jmecozzi1m@123-reg.co.uk,Male,17.221.245.221
1060,Lizabeth,Hammerich,lhammerich1n@unesco.org,Bigender,104.181.125.214
1061,Keir,Oller,koller1o@ameblo.jp,Male,10.205.126.103
1062,Ashlin,Sprake,asprake1p@facebook.com,Male,218.72.142.72
1063,Consalve,Palser,cpalser1q@simplemachines.org,Male,91.33.3.46
1064,Marv,Gladwell,mgladwell1r@163.com,Male,185.111.201.227
1065,Josefina,de Clerc,jdeclerc1s@angelfire.com,Female,62.193.57.177
1066,Leandra,O'Corhane,locorhane1t@163.com,Female,17.224.34.129
1067,Bobbee,Linneman,blinneman1u@time.com,Genderqueer,153.218.199.186
1068,Yolane,Clougher,yclougher1v@unicef.org,Female,35.84.160.75
1069,Penni,Djekic,pdjekic1w@who.int,Female,60.149.91.45
1070,Chandra,Dank,cdank1x@loc.gov,Female,253.79.239.217
1071,Rustie,Teape,rteape1y@bizjournals.com,Male,227.240.184.45
1072,Thorsten,Kimber,tkimber1z@parallels.com,Male,142.59.14.143
1073,Faydra,Hume,fhume20@bizjournals.com,Female,4.254.22.239
1074,Carlo,Verry,cverry21@163.com,Male,238.0.230.217
1075,Selia,Cawkwell,scawkwell22@topsy.com,Female,204.91.146.0
1076,Jemima,Rollingson,jrollingson23@hexun.com,Female,224.235.168.238
1077,Far,Warriner,fwarriner24@newyorker.com,Male,118.202.11.216
1078,Antonino,Kovalski,akovalski25@shop-pro.jp,Male,112.54.249.108
1079,Flo,Bestwick,fbestwick26@wordpress.com,Female,106.13.210.184
1080,Rowen,McCane,rmccane27@intel.com,Male,150.29.59.72
1081,Bennie,Jedryka,bjedryka28@surveymonkey.com,Male,17.41.156.135
1082,Benedetta,Rude,brude29@flavors.me,Female,57.48.114.211
1083,Trula,Cruz,tcruz2a@accuweather.com,Female,233.177.118.134
1084,Hatty,Reynish,hreynish2b@cbc.ca,Female,32.247.10.13
1085,Ofelia,Letertre,oletertre2c@is.gd,Female,154.84.183.105
1086,Carlin,Bocock,cbocock2d@time.com,Male,39.233.90.90
1087,Humberto,Laytham,hlaytham2e@umich.edu,Male,19.18.159.71
1088,Binky,Betho,bbetho2f@godaddy.com,Male,115.83.108.236
1089,Sid,McKinnon,smckinnon2g@ovh.net,Male,71.52.169.135
1090,Forester,Redwall,fredwall2h@springer.com,Agender,196.177.252.160
1091,Gunter,Bartles,gbartles2i@cbc.ca,Male,107.34.25.234
1092,Minette,Cullip,mcullip2j@storify.com,Female,252.240.95.9
1093,Hermie,Vasyushkhin,hvasyushkhin2k@purevolume.com,Male,86.111.194.252
1094,Jed,Coleford,jcoleford2l@squidoo.com,Male,18.52.138.83
1095,Klarrisa,Obee,kobee2m@pbs.org,Female,28.139.210.204
1096,Anny,Mortimer,amortimer2n@nbcnews.com,Polygender,197.217.18.110
1097,Shea,Amesbury,samesbury2o@skyrock.com,Male,244.52.67.61
1098,Tabby,Tremonte,ttremonte2p@desdev.cn,Male,244.66.32.60
1099,Clyve,Henriet,chenriet2q@xrea.com,Polygender,121.127.248.29
1100,Staffard,Brolly,sbrolly2r@csmonitor.com,Male,119.156.37.69
1101,Sky,Guinness,sguinness2s@ning.com,Male,48.116.3.98
1102,Johan,Jeaneau,jjeaneau2t@sphinn.com,Genderqueer,251.28.238.91
1103,Kaycee,Bullimore,kbullimore2u@bigcartel.com,Genderqueer,144.3.236.96
1104,Tonia,Carsey,tcarsey2v@linkedin.com,Female,158.45.109.22
1105,Ebony,Shury,eshury2w@addtoany.com,Female,57.204.117.17
1106,Gabriel,Sweeten,gsweeten2x@networkadvertising.org,Male,194.60.98.98
1107,Haskel,Rubinivitz,hrubinivitz2y@dmoz.org,Male,231.52.217.142
1108,Alia,McGiveen,amcgiveen2z@xinhuanet.com,Female,140.58.239.96
1109,Dougy,Hamblington,dhamblington30@irs.gov,Genderfluid,47.179.203.45
1110,Benjamen,Pumfrett,bpumfrett31@phpbb.com,Male,206.38.137.213
1111,Darla,Scrimshire,dscrimshire32@cpanel.net,Female,207.154.162.80
1112,Gardner,Trahair,gtrahair33@tinyurl.com,Male,222.167.178.142
1113,Wilhelmine,Fincher,wfincher34@opera.com,Female,6.74.106.144
1114,Tye,Dobbison,tdobbison35@soup.io,Male,241.183.87.5
1115,Nelia,Gurry,ngurry36@ucla.edu,Female,118.113.243.69
1116,Ariel,Thewless,athewless37@163.com,Male,181.171.160.26
1117,Kevan,Nielson,knielson38@imageshack.us,Male,87.217.233.76
1118,Bendix,Rogier,brogier39@gravatar.com,Male,177.148.42.187
1119,Ben,Fussie,bfussie3a@prweb.com,Male,160.189.204.132
1120,Iver,Scougall,iscougall3b@boston.com,Male,230.7.61.53
1121,Shirlee,Purkess,spurkess3c@unc.edu,Female,134.168.94.122
1122,Stephana,Hasley,shasley3d@cornell.edu,Female,48.138.125.84
1123,Danya,Ludmann,dludmann3e@meetup.com,Male,80.118.105.239
1124,Marven,McCaghan,mmccaghan3f@wiley.com,Male,190.180.121.210
1125,Beverlie,Walcar,bwalcar3g@blogtalkradio.com,Female,155.230.84.128
1126,Gabriellia,Brands,gbrands3h@earthlink.net,Female,2.138.18.229
1127,Alaster,Perks,aperks3i@symantec.com,Male,10.150.42.193
1128,Annabela,Arboin,aarboin3j@parallels.com,Female,60.72.228.235
1129,Hershel,Backshill,hbackshill3k@ifeng.com,Male,96.110.36.165
1130,Karlens,Wedmore.,kwedmore3l@ycombinator.com,Genderqueer,10.198.164.163
1131,Heindrick,Salomon,hsalomon3m@dmoz.org,Male,91.246.10.6
1132,Effie,Cajkler,ecajkler3n@home.pl,Genderfluid,130.15.72.89
1133,Shoshanna,Shiril,sshiril3o@cbc.ca,Female,44.221.81.237
1134,Lorrin,Simioli,lsimioli3p@smugmug.com,Female,235.204.29.13
1135,Sada,Braemer,sbraemer3q@adobe.com,Female,187.85.146.131
1136,Georgiana,MacKaig,gmackaig3r@psu.edu,Genderfluid,253.164.130.46
1137,Georges,Larenson,glarenson3s@a8.net,Male,226.224.11.83
1138,Earl,Willatt,ewillatt3t@over-blog.com,Male,213.188.75.158
1139,Edgard,Maudlen,emaudlen3u@wp.com,Male,197.187.117.253
1140,Hervey,Broadnicke,hbroadnicke3v@edublogs.org,Male,50.7.23.210
1141,Issie,Cobelli,icobelli3w@posterous.com,Female,106.102.234.230
1142,Francisco,Isaksen,fisaksen3x@cdc.gov,Male,201.235.247.175
1143,Wendel,Heugle,wheugle3y@nyu.edu,Male,218.119.235.229
1144,Pattie,Cambridge,pcambridge3z@amazonaws.com,Female,34.161.51.154
1145,Desdemona,Flood,dflood40@tripod.com,Female,88.205.156.182
1146,Warden,Quenby,wquenby41@twitter.com,Polygender,94.136.225.48
1147,Georgeta,Winborn,gwinborn42@dagondesign.com,Female,127.27.229.143
1148,Layton,Gunthorpe,lgunthorpe43@blinklist.com,Bigender,190.124.25.227
1149,Prissie,Mercik,pmercik44@paypal.com,Female,16.15.248.152
1150,Adelaida,Ryde,aryde45@scribd.com,Female,147.175.189.233
1151,Valeda,Churchlow,vchurchlow46@msn.com,Female,229.197.102.154
1152,Jdavie,Bodycomb,jbodycomb47@umn.edu,Male,103.171.52.52
1153,Lucian,Neward,lneward48@thetimes.co.uk,Male,183.155.109.25
1154,Betteann,Wadly,bwadly49@ed.gov,Female,138.86.59.189
1155,Emilia,Poland,epoland4a@un.org,Agender,9.62.31.117
1156,Star,Helks,shelks4b@hostgator.com,Female,208.247.85.254
1157,Celle,Plan,cplan4c@scientificamerican.com,Female,132.99.247.95
1158,Neda,Doble,ndoble4d@de.vu,Female,130.149.23.172
1159,Emelia,Kennermann,ekennermann4e@amazon.de,Agender,144.195.94.128
1160,Earle,Udden,eudden4f@hao123.com,Male,210.82.179.113
1161,Bethina,Louisot,blouisot4g@vistaprint.com,Female,58.33.62.152
1162,Addison,Ellingsworth,aellingsworth4h@wikia.com,Male,88.210.65.119
1163,Fina,Grix,fgrix4i@state.tx.us,Genderfluid,138.212.156.61
1164,Theda,Woollam,twoollam4j@uiuc.edu,Female,233.22.87.222
1165,Gregory,Cronkshaw,gcronkshaw4k@blinklist.com,Male,69.38.151.103
1166,Thorpe,Giorgielli,tgiorgielli4l@nbcnews.com,Agender,100.18.227.195
1167,Maximo,Greener,mgreener4m@cyberchimps.com,Genderqueer,67.201.6.101
1168,Tibold,McCrudden,tmccrudden4n@google.com,Male,198.169.27.215
1169,Marcellina,Bowdon,mbowdon4o@webeden.co.uk,Female,103.56.122.208
1170,Hunfredo,Guerreiro,hguerreiro4p@wordpress.org,Male,178.211.71.197
1171,Thalia,Duncklee,tduncklee4q@360.cn,Female,30.142.235.163
1172,Sayre,Stanier,sstanier4r@flavors.me,Male,68.240.232.218
1173,Kathie,Duggon,kduggon4s@hostgator.com,Female,112.229.99.25
1174,Gaven,Todaro,gtodaro4t@wix.com,Male,188.8.96.186
1175,Matthew,Need,mneed4u@businessinsider.com,Male,65.222.8.56
1176,Denni,Fillgate,dfillgate4v@123-reg.co.uk,Female,240.228.42.66
1177,Gian,Klich,gklich4w@soundcloud.com,Male,132.142.68.53
1178,Hashim,McAleese,hmcaleese4x@amazon.com,Male,117.21.70.127
1179,Margaret,Bantick,mbantick4y@msn.com,Female,108.17.94.44
1180,Aldwin,Chipp,achipp4z@symantec.com,Male,210.8.234.191
1181,Lanny,Lys,llys50@seattletimes.com,Female,131.68.163.11
1182,Denver,Ludman,dludman51@gmpg.org,Male,237.14.28.141
1183,Raviv,Mourge,rmourge52@nhs.uk,Male,2.40.110.231
1184,Vivie,Attrey,vattrey53@toplist.cz,Female,143.181.168.231
1185,Web,Loughead,wloughead54@patch.com,Male,247.128.7.192
1186,Katherina,Clendennen,kclendennen55@clickbank.net,Female,155.26.2.125
1187,Guido,Gamble,ggamble56@oracle.com,Male,250.193.241.97
1188,Mason,Hillock,mhillock57@nbcnews.com,Male,104.147.89.84
1189,Rolland,Wakley,rwakley58@purevolume.com,Male,186.38.151.21
1190,Frazer,Ells,fells59@apple.com,Male,109.62.247.49
1191,Marie-jeanne,Reubel,mreubel5a@japanpost.jp,Female,254.170.252.1
1192,Chickie,Blaymires,cblaymires5b@people.com.cn,Female,191.105.179.82
1193,Sergent,Quare,square5c@flickr.com,Male,159.211.73.227
1194,Ira,Shreve,ishreve5d@cam.ac.uk,Male,150.221.190.175
1195,Winnie,Dog,wdog5e@gravatar.com,Female,199.73.164.93
1196,Effie,Kubera,ekubera5f@usatoday.com,Female,97.21.192.162
1197,Mayor,Spehr,mspehr5g@sphinn.com,Male,107.96.98.40
1198,Adolpho,Fatkin,afatkin5h@cam.ac.uk,Male,4.166.29.176
1199,Arnoldo,Algie,aalgie5i@icio.us,Male,124.166.183.59
1200,Michael,Von Brook,mvonbrook5j@xrea.com,Male,131.48.96.253
1201,Delmore,Radke,dradke5k@woothemes.com,Agender,176.247.46.13
1202,Winny,Catcheside,wcatcheside5l@china.com.cn,Female,236.193.226.22
1203,Randall,Vasyanin,rvasyanin5m@goodreads.com,Male,201.154.102.200
1204,Minny,Ridley,mridley5n@ustream.tv,Female,31.66.20.70
1205,Koral,Aykroyd,kaykroyd5o@ihg.com,Genderqueer,112.231.156.82
1206,Gaspar,Pritchard,gpritchard5p@123-reg.co.uk,Male,119.200.102.173
1207,Brita,Werrett,bwerrett5q@infoseek.co.jp,Female,231.105.211.11
1208,Kasper,Forlonge,kforlonge5r@cafepress.com,Male,114.213.245.166
1209,Tana,Harraway,tharraway5s@wordpress.org,Non-binary,230.111.26.220
1210,Babbette,Giffin,bgiffin5t@archive.org,Female,3.228.203.15
1211,Demetre,Semper,dsemper5u@symantec.com,Male,16.184.66.28
1212,Sibelle,Krienke,skrienke5v@ask.com,Female,48.202.104.195
1213,Alonzo,Rigglesford,arigglesford5w@wiley.com,Male,89.41.159.161
1214,Zak,Hedditch,zhedditch5x@parallels.com,Male,252.128.119.89
1215,Kalindi,Martignon,kmartignon5y@imageshack.us,Female,103.187.149.219
1216,Maren,McConnal,mmcconnal5z@europa.eu,Female,182.115.254.99
1217,Melva,Searles,msearles60@arizona.edu,Female,48.148.173.159
1218,Heath,Dudderidge,hdudderidge61@live.com,Female,253.114.180.148
1219,Vannie,Nevet,vnevet62@exblog.jp,Female,185.163.158.79
1220,Ludwig,Renshell,lrenshell63@kickstarter.com,Male,145.79.241.80
1221,Gerhardt,Gatesman,ggatesman64@imgur.com,Male,84.113.71.55
1222,Johann,Tschierasche,jtschierasche65@nih.gov,Male,30.160.42.11
1223,Dan,Fairall,dfairall66@wikimedia.org,Polygender,177.11.72.74
1224,Humphrey,Blakeborough,hblakeborough67@state.gov,Male,60.231.163.96
1225,Nealy,Sylett,nsylett68@arstechnica.com,Bigender,109.71.141.23
1226,Leelah,Ivasyushkin,livasyushkin69@yandex.ru,Genderfluid,26.149.228.128
1227,Ransell,Ironside,rironside6a@mapy.cz,Male,171.67.103.102
1228,Pooh,Karpenko,pkarpenko6b@chicagotribune.com,Male,209.136.78.23
1229,Noll,Matthesius,nmatthesius6c@shareasale.com,Male,24.96.166.172
1230,Jaquith,Warratt,jwarratt6d@mtv.com,Female,86.231.239.7
1231,Ogden,Abarough,oabarough6e@squarespace.com,Male,150.81.234.198
1232,Bambie,Michael,bmichael6f@cargocollective.com,Genderfluid,27.18.16.74
1233,Bernard,Janjic,bjanjic6g@gmpg.org,Male,155.200.8.27
1234,Candy,Lehrmann,clehrmann6h@icio.us,Female,130.172.152.8
1235,Brit,Bellord,bbellord6i@hexun.com,Male,19.29.248.80
1236,Honor,Hazelgrove,hhazelgrove6j@intel.com,Female,246.213.90.190
1237,Ophelia,Inkster,oinkster6k@mail.ru,Female,253.113.76.66
1238,Archambault,Cinelli,acinelli6l@hc360.com,Male,73.153.92.45
1239,Dilly,Newitt,dnewitt6m@opera.com,Male,203.76.10.105
1240,Bertram,Sich,bsich6n@ezinearticles.com,Male,171.75.90.63
1241,Juan,Karpov,jkarpov6o@domainmarket.com,Male,5.7.22.110
1242,Izak,Witchell,iwitchell6p@columbia.edu,Male,79.206.205.194
1243,Nanice,Leyzell,nleyzell6q@multiply.com,Female,176.178.84.5
1244,Clive,Birkett,cbirkett6r@opensource.org,Male,21.6.47.198
1245,Mureil,Sleet,msleet6s@vinaora.com,Female,167.138.211.144
1246,Daphne,Ferrey,dferrey6t@51.la,Female,18.251.146.150
1247,Ollie,Capron,ocapron6u@oaic.gov.au,Male,113.109.233.9
1248,Godard,Daleman,gdaleman6v@about.me,Male,167.24.30.83
1249,Frederich,Anespie,fanespie6w@com.com,Male,229.121.180.77
1250,Thia,Barstow,tbarstow6x@people.com.cn,Genderqueer,78.204.85.92
1251,Nertie,Nuth,nnuth6y@icq.com,Bigender,167.59.28.194
1252,Raphael,Corington,rcorington6z@addtoany.com,Male,188.37.207.21
1253,Papageno,Di Biasio,pdibiasio70@hp.com,Male,107.187.176.116
1254,Melita,Sibbe,msibbe71@walmart.com,Female,18.181.189.29
1255,Anton,Bullivent,abullivent72@i2i.jp,Male,162.166.188.208
1256,Giffy,Dimitriades,gdimitriades73@i2i.jp,Male,4.226.145.193
1257,Ninon,Wittering,nwittering74@blogspot.com,Female,228.33.221.120
1258,Hillie,O'Cannon,hocannon75@seesaa.net,Agender,9.185.119.141
1259,Meade,Janiak,mjaniak76@disqus.com,Female,5.157.180.247
1260,Skipton,Castillou,scastillou77@behance.net,Male,152.183.174.164
1261,Dan,Slyman,dslyman78@weather.com,Polygender,76.82.10.150
1262,Dodie,Kearney,dkearney79@networkadvertising.org,Female,148.45.220.125
1263,Damian,Cinelli,dcinelli7a@patch.com,Male,177.62.185.245
1264,Nevsa,Ranshaw,nranshaw7b@npr.org,Female,101.85.249.234
1265,Katinka,Felmingham,kfelmingham7c@microsoft.com,Female,48.48.248.102
1266,Maren,Jurczak,mjurczak7d@noaa.gov,Female,166.216.83.53
1267,Roanne,Olkowicz,rolkowicz7e@theguardian.com,Female,13.39.159.0
1268,Kandace,Swinfen,kswinfen7f@bloglines.com,Female,60.85.84.61
1269,Ambrosio,Farney,afarney7g@japanpost.jp,Male,163.113.215.237
1270,Byran,Whitcomb,bwhitcomb7h@mediafire.com,Male,89.174.71.218
1271,Betti,Phalp,bphalp7i@gizmodo.com,Female,14.154.203.195
1272,Domeniga,Spurge,dspurge7j@dell.com,Female,95.235.53.78
1273,Caryn,Yellowlee,cyellowlee7k@goo.gl,Genderqueer,8.36.21.200
1274,Starla,Smale,ssmale7l@de.vu,Female,141.71.11.89
1275,Tommie,Larmet,tlarmet7m@archive.org,Male,165.45.86.139
1276,Kristi,Bucksey,kbucksey7n@livejournal.com,Female,2.182.115.12
1277,Matty,O'Scully,moscully7o@latimes.com,Male,46.235.64.136
1278,Doretta,Wilstead,dwilstead7p@surveymonkey.com,Female,70.233.57.58
1279,Sela,Hearne,shearne7q@ustream.tv,Female,90.219.85.47
1280,Nichol,Batt,nbatt7r@tmall.com,Female,12.76.223.90
1281,Danni,Cline,dcline7s@discuz.net,Female,204.95.181.113
1282,Kean,Hentzeler,khentzeler7t@fastcompany.com,Male,14.17.228.70
1283,Vito,Franceschielli,vfranceschielli7u@illinois.edu,Bigender,219.209.33.253
1284,Kristofor,Hoggin,khoggin7v@live.com,Male,15.226.74.195
1285,Keefer,Sadd,ksadd7w@cam.ac.uk,Genderqueer,122.32.209.135
1286,Cole,Serjeantson,cserjeantson7x@theglobeandmail.com,Male,155.80.97.110
1287,Asa,Shatliff,ashatliff7y@google.fr,Male,11.223.238.13
1288,Glenna,Seacroft,gseacroft7z@harvard.edu,Female,234.127.215.170
1289,Otes,Hinzer,ohinzer80@independent.co.uk,Male,115.239.78.201
1290,Mari,Watson-Brown,mwatsonbrown81@nature.com,Female,28.112.75.89
1291,Nelly,Hriinchenko,nhriinchenko82@exblog.jp,Female,108.22.241.42
1292,Wilhelmina,Wrigley,wwrigley83@harvard.edu,Female,115.49.26.47
1293,Cornelia,Oldman,coldman84@e-recht24.de,Female,96.149.69.116
1294,Vachel,Prestland,vprestland85@unesco.org,Male,7.105.248.183
1295,Yankee,Brighouse,ybrighouse86@samsung.com,Male,188.71.60.36
1296,Shellie,Fireman,sfireman87@soup.io,Female,106.28.234.226
1297,Ludvig,Dooman,ldooman88@scientificamerican.com,Male,102.195.87.115
1298,Brigitta,Sheryn,bsheryn89@blog.com,Female,247.34.170.151
1299,Mead,Lynthal,mlynthal8a@scribd.com,Female,133.200.149.243
1300,Gates,Diamond,gdiamond8b@youku.com,Female,178.32.102.176
1301,Basilio,Edgehill,bedgehill8c@huffingtonpost.com,Male,137.13.248.196
1302,Agata,Creigan,acreigan8d@1und1.de,Female,16.203.163.77
1303,Corissa,Ellam,cellam8e@un.org,Female,35.35.226.72
1304,Hersch,Seabon,hseabon8f@wikispaces.com,Genderfluid,117.154.141.101
1305,Fletch,Lindsley,flindsley8g@nbcnews.com,Male,87.66.108.199
1306,Kippar,Godilington,kgodilington8h@thetimes.co.uk,Male,125.92.227.197
1307,Marvin,Dyte,mdyte8i@blog.com,Male,252.229.167.72
1308,Tamera,Cheeld,tcheeld8j@hexun.com,Female,73.49.204.186
1309,Randie,Hamblett,rhamblett8k@google.com,Male,237.26.243.227
1310,Swen,Anstey,sanstey8l@people.com.cn,Male,246.93.78.242
1311,Conroy,Bearward,cbearward8m@indiatimes.com,Male,204.179.163.112
1312,Jozef,Markos,jmarkos8n@barnesandnoble.com,Male,28.159.27.80
1313,Sherri,Feifer,sfeifer8o@sun.com,Female,45.102.187.121
1314,Desdemona,Krop,dkrop8p@booking.com,Female,215.202.2.238
1315,Willard,McGuinness,wmcguinness8q@edublogs.org,Male,235.69.142.216
1316,Reed,Muncey,rmuncey8r@bluehost.com,Male,55.145.184.143
1317,Fonz,Symones,fsymones8s@walmart.com,Male,109.157.166.7
1318,Elroy,Radage,eradage8t@ameblo.jp,Male,166.185.164.28
1319,Marian,Shaplin,mshaplin8u@51.la,Female,231.41.46.153
1320,Isiahi,Syms,isyms8v@cornell.edu,Male,162.91.154.55
1321,Luise,Breffit,lbreffit8w@phpbb.com,Female,37.17.11.125
1322,Tod,Jacobowitz,tjacobowitz8x@dyndns.org,Male,145.55.162.58
1323,Yvon,Hansod,yhansod8y@bbc.co.uk,Male,195.229.73.168
1324,Nonie,O'Looney,nolooney8z@cbslocal.com,Female,47.251.215.238
1325,Gregorius,Scates,gscates90@ebay.com,Male,92.204.84.82
1326,Holden,Lawly,hlawly91@webs.com,Male,127.232.91.12
1327,Dido,Gladdis,dgladdis92@lulu.com,Female,38.220.56.61
1328,Alwyn,Kapelhof,akapelhof93@reddit.com,Male,121.91.241.62
1329,Costanza,Brace,cbrace94@apache.org,Female,51.236.243.160
1330,Augie,Sawbridge,asawbridge95@abc.net.au,Male,35.241.225.56
1331,Vonny,Riglesford,vriglesford96@wordpress.com,Female,69.92.237.59
1332,Sandra,Bakster,sbakster97@fotki.com,Genderqueer,51.110.169.18
1333,Towny,Laimable,tlaimable98@theatlantic.com,Male,9.33.1.37
1334,Demetri,Asquez,dasquez99@latimes.com,Male,234.40.4.237
1335,Olivero,Whybrow,owhybrow9a@linkedin.com,Male,182.46.76.34
1336,Ugo,Hazael,uhazael9b@buzzfeed.com,Male,87.8.85.152
1337,Prisca,Daughton,pdaughton9c@weibo.com,Agender,82.198.1.166
1338,Joleen,Gladwell,jgladwell9d@bandcamp.com,Female,144.189.52.214
1339,Miguela,Perelli,mperelli9e@freewebs.com,Female,187.168.238.76
1340,Candis,Burchett,cburchett9f@weibo.com,Female,47.74.225.155
1341,Eben,Stiell,estiell9g@vk.com,Male,54.103.74.186
1342,Akim,Vigors,avigors9h@gmpg.org,Male,83.214.175.110
1343,Staford,Tirrell,stirrell9i@hhs.gov,Male,160.189.236.204
1344,Sydney,Galliard,sgalliard9j@intel.com,Female,186.134.124.15
1345,Barbara,Zima,bzima9k@nih.gov,Female,32.111.166.76
1346,Brnaby,Dowsey,bdowsey9l@sitemeter.com,Male,67.65.75.97
1347,Britte,Hilldrup,bhilldrup9m@plala.or.jp,Female,216.20.2.47
1348,Lemuel,Amorine,lamorine9n@discovery.com,Male,252.104.122.7
1349,Valeda,Kulic,vkulic9o@gmpg.org,Female,246.137.48.186
1350,Marj,Jordan,mjordan9p@upenn.edu,Polygender,3.139.100.89
1351,Baird,Stansall,bstansall9q@toplist.cz,Male,179.135.58.210
1352,Brnaby,Redmain,bredmain9r@princeton.edu,Male,75.26.255.185
1353,Seymour,Clohessy,sclohessy9s@amazon.co.jp,Male,2.201.255.231
1354,Joelie,Cherm,jcherm9t@bing.com,Female,133.51.187.246
1355,Lia,Pruce,lpruce9u@ocn.ne.jp,Female,175.113.59.203
1356,Miran,Krojn,mkrojn9v@meetup.com,Female,107.160.126.93
1357,Mac,Concannon,mconcannon9w@bandcamp.com,Male,199.95.8.76
1358,Justus,Basire,jbasire9x@ocn.ne.jp,Male,11.87.170.8
1359,Shir,Fernyhough,sfernyhough9y@digg.com,Female,17.36.6.53
1360,Rafi,Yancey,ryancey9z@abc.net.au,Male,210.75.112.205
1361,Frasquito,Fruchter,ffruchtera0@tinyurl.com,Male,10.171.110.137
1362,Joseph,Meins,jmeinsa1@toplist.cz,Male,68.201.40.162
1363,Kaye,Leyban,kleybana2@sakura.ne.jp,Female,68.39.208.252
1364,Brittan,Semechik,bsemechika3@sitemeter.com,Female,134.73.115.98
1365,Janean,Tame,jtamea4@uol.com.br,Female,71.80.37.45
1366,Miriam,Iveagh,miveagha5@xrea.com,Female,27.172.93.62
1367,Moe,Hache,mhachea6@opera.com,Male,143.221.194.161
1368,Mateo,Warnock,mwarnocka7@about.me,Male,107.25.217.195
1369,Annalee,Wagner,awagnera8@hexun.com,Female,185.57.118.194
1370,Patrizius,Lerohan,plerohana9@hud.gov,Male,194.199.145.11
1371,Jephthah,Ginty,jgintyaa@sun.com,Male,184.218.143.254
1372,Jacquetta,Jacobssen,jjacobssenab@nps.gov,Polygender,222.165.138.117
1373,Hurlee,Ivkovic,hivkovicac@list-manage.com,Male,59.218.12.229
1374,Shayne,Chicchetto,schicchettoad@artisteer.com,Male,161.206.84.149
1375,Trefor,Hopewell,thopewellae@tumblr.com,Male,6.77.166.196
1376,Berty,Earengey,bearengeyaf@opensource.org,Female,125.99.201.120
1377,Cori,Lyfield,clyfieldag@slashdot.org,Male,231.233.45.184
1378,Caresse,Bastistini,cbastistiniah@boston.com,Female,10.95.79.105
1379,Charles,Tresler,ctreslerai@usnews.com,Genderqueer,137.154.1.96
1380,Chariot,Newland,cnewlandaj@flickr.com,Male,60.44.40.182
1381,Ines,Maggiore,imaggioreak@lycos.com,Female,19.63.253.190
1382,Ekaterina,Ranyelld,eranyelldal@tmall.com,Female,154.49.212.101
1383,Nealy,Farrell,nfarrellam@reuters.com,Male,185.50.253.121
1384,Jonathon,Mc Grath,jmcgrathan@sbwire.com,Male,88.171.146.123
1385,Marco,Philpin,mphilpinao@businessinsider.com,Male,3.206.60.122
1386,Thaddus,Collett,tcollettap@usnews.com,Male,159.2.184.158
1387,Roderigo,Pucknell,rpucknellaq@arizona.edu,Male,102.132.33.190
1388,Melodee,Nellis,mnellisar@tuttocitta.it,Female,185.76.12.65
1389,Zach,Twyford,ztwyfordas@google.co.uk,Male,204.98.56.83
1390,Cilka,Rucklidge,crucklidgeat@ebay.co.uk,Female,5.114.213.74
1391,Fernando,Godby,fgodbyau@xing.com,Male,114.90.252.183
1392,Francis,Clewett,fclewettav@senate.gov,Male,205.196.36.165
1393,Dehlia,Hawken,dhawkenaw@adobe.com,Female,196.53.204.176
1394,Leesa,Weldrake,lweldrakeax@cdc.gov,Female,147.66.47.175
1395,Artemas,Kilmister,akilmisteray@is.gd,Male,132.206.96.12
1396,Dewain,Avramchik,davramchikaz@gravatar.com,Male,72.98.36.6
1397,Norean,Busby,nbusbyb0@wunderground.com,Female,41.219.189.156
1398,Janina,Jandl,jjandlb1@samsung.com,Female,173.82.195.114
1399,Tammy,Ching,tchingb2@posterous.com,Male,220.67.145.123
1400,Yuri,Eleshenar,yeleshenarb3@1688.com,Bigender,23.198.214.186
1401,Ilario,Dalglish,idalglishb4@slideshare.net,Male,32.125.137.2
1402,Ruperto,Aindriu,raindriub5@nationalgeographic.com,Non-binary,73.17.232.236
1403,Dulsea,Bickerdike,dbickerdikeb6@pcworld.com,Genderqueer,176.103.230.242
1404,Garrick,Spurgeon,gspurgeonb7@freewebs.com,Agender,28.96.131.167
1405,Berry,Rucklesse,brucklesseb8@boston.com,Female,66.156.227.51
1406,Ardenia,Thys,athysb9@imgur.com,Female,8.105.180.69
1407,Markos,Edgeller,medgellerba@cdbaby.com,Male,109.200.120.142
1408,Joshia,Sapir,jsapirbb@xrea.com,Male,98.63.6.29
1409,Arvy,Killigrew,akilligrewbc@hao123.com,Male,72.20.120.28
1410,Boycey,McMains,bmcmainsbd@photobucket.com,Male,216.60.91.61
1411,Shem,Chattoe,schattoebe@ehow.com,Male,253.10.49.232
1412,Danit,Masham,dmashambf@miitbeian.gov.cn,Female,33.84.87.151
1413,Kiley,Burrett,kburrettbg@drupal.org,Female,152.43.196.136
1414,Fayre,Lauritsen,flauritsenbh@phoca.cz,Female,135.7.2.219
1415,Winthrop,Jahndel,wjahndelbi@salon.com,Male,53.183.154.102
1416,Cicely,Wanjek,cwanjekbj@shareasale.com,Female,158.79.11.7
1417,Augustine,McLardie,amclardiebk@cafepress.com,Male,108.100.65.23
1418,Lannie,Goodred,lgoodredbl@toplist.cz,Bigender,106.237.174.231
1419,Emiline,Sprull,esprullbm@ted.com,Female,254.93.116.101
1420,Alisha,Kenzie,akenziebn@theguardian.com,Female,179.248.12.148
1421,Shelba,Lisett,slisettbo@livejournal.com,Female,61.90.81.205
1422,Constantine,Mewrcik,cmewrcikbp@ed.gov,Male,233.112.85.162
1423,Myranda,Fillary,mfillarybq@spotify.com,Non-binary,148.73.242.54
1424,Eldin,Simonetto,esimonettobr@shinystat.com,Male,4.159.37.39
1425,Hadley,Killingsworth,hkillingsworthbs@weebly.com,Male,5.239.1.125
1426,Birgit,Vise,bvisebt@topsy.com,Genderfluid,211.92.152.106
1427,Genia,Thom,gthombu@narod.ru,Female,128.167.97.118
1428,Sander,Le Brun,slebrunbv@hugedomains.com,Male,188.243.217.48
1429,Dorena,Sandford,dsandfordbw@vistaprint.com,Female,221.23.169.189
1430,Ruddy,Nicolson,rnicolsonbx@devhub.com,Genderfluid,70.178.242.20
1431,Dru,Barnwill,dbarnwillby@wired.com,Male,249.204.95.16
1432,Gardner,Shayes,gshayesbz@gnu.org,Male,252.28.113.31
1433,Aggie,Muncie,amunciec0@surveymonkey.com,Female,248.58.6.122
1434,Corrie,Yurkiewicz,cyurkiewiczc1@cam.ac.uk,Male,177.174.239.82
1435,Lenci,Crinkley,lcrinkleyc2@microsoft.com,Male,62.233.215.230
1436,Prince,Duval,pduvalc3@webeden.co.uk,Male,6.173.14.133
1437,Zena,MacGiolla,zmacgiollac4@cmu.edu,Female,15.80.229.36
1438,Drusy,Tabb,dtabbc5@sun.com,Polygender,117.17.243.21
1439,Odie,Frampton,oframptonc6@gizmodo.com,Male,184.177.223.177
1440,Nicko,Swayland,nswaylandc7@4shared.com,Male,68.146.57.99
1441,Axel,Baudains,abaudainsc8@trellian.com,Male,239.86.244.220
1442,Kimmie,Domotor,kdomotorc9@marriott.com,Female,183.147.250.201
1443,Derick,Fitzsymons,dfitzsymonsca@com.com,Male,72.38.120.132
1444,Tabb,Kingswoode,tkingswoodecb@homestead.com,Male,144.52.106.228
1445,Ax,Febre,afebrecc@fda.gov,Male,32.238.44.37
1446,Padraic,Fliege,pfliegecd@msu.edu,Male,237.64.81.224
1447,Rollie,Buard,rbuardce@reddit.com,Male,39.253.129.107
1448,Netty,Lytton,nlyttoncf@nationalgeographic.com,Female,218.23.32.137
1449,Melisa,Scane,mscanecg@wiley.com,Female,136.6.40.77
1450,Sanford,Blomfield,sblomfieldch@icq.com,Polygender,1.1.47.216
1451,Aeriell,Wassell,awassellci@sun.com,Female,59.84.55.186
1452,Fannie,Creegan,fcreegancj@npr.org,Female,27.36.109.110
1453,Corine,Ebben,cebbenck@admin.ch,Female,215.112.201.12
1454,Niki,Gozzett,ngozzettcl@facebook.com,Male,112.135.123.244
1455,Sascha,Bennike,sbennikecm@studiopress.com,Male,27.8.126.2
1456,Hyman,Ianizzi,hianizzicn@soup.io,Male,68.31.223.18
1457,Gilbertine,Duckering,gduckeringco@purevolume.com,Female,6.202.175.111
1458,Stefan,Sallings,ssallingscp@miitbeian.gov.cn,Male,177.21.144.173
1459,Bethanne,Rippen,brippencq@nhs.uk,Female,149.176.117.229
1460,Gustavus,Eddie,geddiecr@printfriendly.com,Male,216.111.203.75
1461,Tami,Ebourne,tebournecs@nyu.edu,Female,168.0.48.232
1462,Clark,Bartels-Ellis,cbartelsellisct@google.pl,Male,194.24.84.1
1463,Elisha,Steven,estevencu@techcrunch.com,Female,96.249.158.236
1464,Abrahan,Detheridge,adetheridgecv@mashable.com,Male,143.177.85.193
1465,Astra,Pitsall,apitsallcw@usgs.gov,Female,250.81.166.213
1466,Floyd,Glover,fglovercx@slashdot.org,Male,130.141.215.226
1467,Elfreda,Brotherick,ebrotherickcy@paypal.com,Female,109.153.30.125
1468,Henri,Mehew,hmehewcz@e-recht24.de,Bigender,185.119.200.58
1469,Reginald,Teck,rteckd0@paginegialle.it,Male,60.101.212.151
1470,Carny,Glossop,cglossopd1@chron.com,Male,216.248.237.200
1471,Bessie,Vasey,bvaseyd2@reverbnation.com,Female,29.132.96.209
1472,Turner,Parrish,tparrishd3@mapy.cz,Non-binary,27.64.129.24
1473,Gertrudis,Navein,gnaveind4@biglobe.ne.jp,Female,213.91.254.73
1474,Kessia,Silber,ksilberd5@pinterest.com,Female,110.187.23.96
1475,Montgomery,St Louis,mstlouisd6@reverbnation.com,Male,64.123.109.235
1476,Yance,Papes,ypapesd7@ezinearticles.com,Male,122.253.136.87
1477,Fowler,Gudge,fgudged8@abc.net.au,Male,12.35.77.81
1478,Lexi,Garraway,lgarrawayd9@1688.com,Female,167.184.10.98
1479,Del,Mcwhinney,dmcwhinneyda@de.vu,Male,171.9.36.27
1480,Cherri,Syplus,csyplusdb@nytimes.com,Female,213.228.87.131
1481,Jan,Nisbet,jnisbetdc@skyrock.com,Male,123.33.219.72
1482,Tiffi,Morgan,tmorgandd@mlb.com,Female,221.9.222.92
1483,Reginald,Feldberger,rfeldbergerde@ucoz.com,Male,108.236.79.175
1484,Josephina,Tax,jtaxdf@amazon.com,Female,24.79.166.114
1485,Gregorio,Elt,geltdg@vimeo.com,Male,3.75.171.35
1486,Harald,Pallin,hpallindh@ovh.net,Polygender,211.15.250.38
1487,Linzy,Yosselevitch,lyosselevitchdi@usnews.com,Female,238.86.219.201
1488,Lita,Volkers,lvolkersdj@amazon.co.uk,Female,156.31.157.224
1489,Arlie,Jellyman,ajellymandk@tmall.com,Female,253.223.120.2
1490,Zoe,Cheley,zcheleydl@ibm.com,Female,235.199.211.53
1491,Murial,Stather,mstatherdm@canalblog.com,Female,195.36.83.215
1492,Lavina,Ballin,lballindn@dell.com,Female,61.93.128.191
1493,Rahal,Teague,rteaguedo@ebay.com,Female,219.150.218.155
1494,Reggi,Cumberbatch,rcumberbatchdp@bbb.org,Female,246.154.125.157
1495,Sadye,Buyers,sbuyersdq@sfgate.com,Female,144.60.120.52
1496,Briana,Weatherby,bweatherbydr@independent.co.uk,Female,174.113.199.150
1497,Kamillah,Prate,kprateds@networksolutions.com,Female,121.68.228.222
1498,Morlee,Kennion,mkenniondt@samsung.com,Male,116.229.50.161
1499,Bron,Rimington,brimingtondu@google.de,Male,236.156.216.246
1500,Scottie,Hanster,shansterdv@engadget.com,Male,55.147.221.107
1501,Reeva,Azemar,razemardw@umich.edu,Female,62.96.140.111
1502,Mar,Snowding,msnowdingdx@cbslocal.com,Male,227.237.130.99
1503,Alfredo,Candie,acandiedy@mashable.com,Male,124.37.250.135
1504,Marchelle,Dodamead,mdodameaddz@jugem.jp,Female,44.35.70.136
1505,Mace,Jaulmes,mjaulmese0@census.gov,Male,195.12.204.98
1506,Aldous,McFater,amcfatere1@usda.gov,Male,146.1.61.69
1507,Thaddus,McKeever,tmckeevere2@drupal.org,Male,189.33.6.83
1508,Thorvald,Pallesen,tpallesene3@aboutads.info,Male,76.162.227.189
1509,Malachi,Riepel,mriepele4@networksolutions.com,Male,244.169.88.42
1510,Blanche,Van der Kruys,bvanderkruyse5@printfriendly.com,Agender,159.68.36.181
1511,Nataniel,Ninnotti,nninnottie6@ucsd.edu,Bigender,77.20.191.53
1512,Mimi,Writer,mwritere7@foxnews.com,Female,5.189.147.24
1513,Clemente,Hambrick,chambricke8@patch.com,Male,208.179.61.121
1514,Haydon,Isaacson,hisaacsone9@google.fr,Male,79.165.187.219
1515,Pamella,Erley,perleyea@apache.org,Female,255.201.158.87
1516,Jacquie,Swaile,jswaileeb@google.com.au,Agender,75.238.69.254
1517,Lacee,Claessens,lclaessensec@1und1.de,Female,147.58.19.128
1518,Sile,Branch,sbranched@desdev.cn,Agender,86.156.118.127
1519,Donnie,Hazelby,dhazelbyee@patch.com,Male,207.127.31.141
1520,Ab,Saurin,asaurinef@tuttocitta.it,Male,98.227.207.85
1521,Chloette,Brightwell,cbrightwelleg@apple.com,Female,96.135.205.8
1522,Garry,Benner,gbennereh@wix.com,Polygender,186.104.188.55
1523,Jacklyn,Colls,jcollsei@moonfruit.com,Female,142.211.161.162
1524,Dreddy,Toolin,dtoolinej@msu.edu,Female,54.148.17.154
1525,Joeann,Gately,jgatelyek@va.gov,Female,32.219.182.106
1526,Malia,Hatrick,mhatrickel@imgur.com,Female,133.183.50.135
1527,Raychel,Sage,rsageem@list-manage.com,Polygender,137.20.145.36
1528,Matthew,Beeken,mbeekenen@so-net.ne.jp,Male,227.196.170.159
1529,Heath,Ellwell,hellwelleo@instagram.com,Genderqueer,1.250.153.55
1530,Sue,Shoard,sshoardep@cisco.com,Female,230.20.216.124
1531,Starlin,Darrach,sdarracheq@jiathis.com,Female,107.124.136.147
1532,Kynthia,Ogelsby,kogelsbyer@github.com,Female,133.242.18.179
1533,Cassandra,Ilymanov,cilymanoves@google.it,Genderqueer,170.26.62.230
1534,Christian,Langmead,clangmeadet@princeton.edu,Female,249.46.43.155
1535,Querida,Linger,qlingereu@tuttocitta.it,Female,49.190.154.138
1536,Perry,Alsop,palsopev@smugmug.com,Female,97.229.92.27
1537,Valery,Siggs,vsiggsew@psu.edu,Female,160.93.16.133
1538,Francesco,Lettley,flettleyex@phpbb.com,Male,239.1.70.115
1539,Guinevere,Behrendsen,gbehrendseney@wikipedia.org,Female,40.11.200.50
1540,Lorianna,Morales,lmoralesez@indiegogo.com,Female,225.225.39.209
1541,Lorianna,Kropach,lkropachf0@latimes.com,Female,132.140.107.39
1542,Valerie,Iglesias,viglesiasf1@wix.com,Female,5.94.231.192
1543,Zachariah,Bresnahan,zbresnahanf2@tripod.com,Male,91.203.47.62
1544,Humfrid,Clipsham,hclipshamf3@pagesperso-orange.fr,Male,211.69.44.183
1545,Armand,Proven,aprovenf4@unicef.org,Male,174.109.170.229
1546,Weider,Goaley,wgoaleyf5@example.com,Male,184.196.33.76
1547,Nicole,Ondrousek,nondrousekf6@aol.com,Female,209.229.188.144
1548,Felicdad,Shaudfurth,fshaudfurthf7@scientificamerican.com,Female,194.107.134.50
1549,Osmund,Hariot,ohariotf8@china.com.cn,Agender,78.122.75.36
1550,Vin,Odgers,vodgersf9@flickr.com,Female,109.215.102.197
1551,Aloysia,Olech,aolechfa@newsvine.com,Female,119.105.145.253
1552,Parrnell,Mattaser,pmattaserfb@harvard.edu,Genderfluid,94.32.112.113
1553,Hailee,Cejka,hcejkafc@adobe.com,Female,14.42.227.166
1554,Micki,Snowdon,msnowdonfd@oakley.com,Female,55.211.32.56
1555,Gay,O'Kennavain,gokennavainfe@webnode.com,Female,7.7.232.72
1556,Sinclare,Jellyman,sjellymanff@ft.com,Male,214.39.69.154
1557,Licha,Zanicchi,lzanicchifg@sogou.com,Female,186.241.153.103
1558,Valle,Sprouls,vsproulsfh@accuweather.com,Male,147.164.217.113
1559,Flossi,Cooney,fcooneyfi@constantcontact.com,Female,146.8.26.215
1560,Rollo,Ghelarducci,rghelarduccifj@digg.com,Non-binary,86.17.187.114
1561,Danie,Senton,dsentonfk@surveymonkey.com,Male,34.219.174.153
1562,Arturo,Dmitrovic,admitrovicfl@csmonitor.com,Male,171.153.106.94
1563,Arley,Leteurtre,aleteurtrefm@tuttocitta.it,Male,29.81.30.194
1564,Juliette,Adamini,jadaminifn@spotify.com,Female,176.33.48.216
1565,Lucais,Pedrol,lpedrolfo@biglobe.ne.jp,Male,38.54.131.79
1566,Tiffany,Sirr,tsirrfp@alibaba.com,Female,231.89.137.72
1567,Missy,Cobon,mcobonfq@wunderground.com,Female,114.88.136.210
1568,Lincoln,Bleue,lbleuefr@diigo.com,Male,134.32.247.133
1569,Gris,Roscher,groscherfs@google.es,Male,244.70.175.72
1570,Isaiah,De Andisie,ideandisieft@fastcompany.com,Male,45.18.249.136
1571,Eula,Ashfold,eashfoldfu@seesaa.net,Female,65.230.69.48
1572,Ulises,Lasty,ulastyfv@cam.ac.uk,Male,22.172.195.216
1573,Claudia,McNeil,cmcneilfw@ucla.edu,Female,189.94.14.186
1574,Allis,Simmgen,asimmgenfx@51.la,Female,156.26.85.212
1575,Barde,Semor,bsemorfy@usda.gov,Male,137.246.229.217
1576,Earle,Dougher,edougherfz@omniture.com,Male,136.240.241.124
1577,Amitie,Tomet,atometg0@vinaora.com,Female,216.69.142.249
1578,Theodora,Rowesby,trowesbyg1@freewebs.com,Female,205.188.165.141
1579,Mirabel,Larcher,mlarcherg2@epa.gov,Female,167.155.160.255
1580,Fidel,Soames,fsoamesg3@nbcnews.com,Male,117.197.162.218
1581,Cherish,McGrady,cmcgradyg4@pen.io,Female,163.207.54.235
1582,Janka,Hanstock,jhanstockg5@smh.com.au,Female,64.50.53.112
1583,Lem,Mandrake,lmandrakeg6@reverbnation.com,Male,19.73.35.63
1584,Sharyl,Ekkel,sekkelg7@tmall.com,Female,206.116.35.200
1585,Brewster,Dreossi,bdreossig8@nbcnews.com,Male,75.92.187.216
1586,Emelyne,Canadine,ecanadineg9@salon.com,Female,15.254.225.84
1587,Janette,Decayette,jdecayettega@usgs.gov,Female,249.31.100.255
1588,Rennie,Ridulfo,rridulfogb@freewebs.com,Female,66.175.78.106
1589,Paige,Frondt,pfrondtgc@hud.gov,Male,94.196.65.170
1590,Bell,Illesley,billesleygd@cbc.ca,Non-binary,129.248.38.182
1591,Elaina,Battista,ebattistage@google.com.hk,Female,25.137.6.62
1592,Arne,Serfati,aserfatigf@theglobeandmail.com,Male,103.249.112.122
1593,Alyse,Andraud,aandraudgg@github.com,Female,97.133.97.136
1594,Titus,Nowak,tnowakgh@sun.com,Male,10.251.21.92
1595,Timmi,Bowcock,tbowcockgi@hao123.com,Female,8.77.157.111
1596,Christos,Seater,cseatergj@hhs.gov,Male,185.95.7.207
1597,Daveen,Primett,dprimettgk@tinyurl.com,Female,222.251.101.254
1598,Early,Eadon,eeadongl@ovh.net,Male,56.127.48.141
1599,Dav,Menat,dmenatgm@nature.com,Male,150.62.231.80
1600,Luciana,Telfer,ltelfergn@cam.ac.uk,Female,197.137.134.58
1601,Stanton,Gamlin,sgamlingo@gnu.org,Male,65.189.7.237
1602,Jamima,Pierce,jpiercegp@dot.gov,Female,87.129.88.16
1603,Greg,Robbings,grobbingsgq@imageshack.us,Male,73.8.28.199
1604,Fiona,Mulberry,fmulberrygr@amazon.com,Female,182.202.70.59
1605,Kerianne,Bastow,kbastowgs@gmpg.org,Bigender,160.124.216.197
1606,Freddi,Lukehurst,flukehurstgt@i2i.jp,Female,233.251.3.41
1607,Taffy,Davidman,tdavidmangu@wordpress.org,Female,105.174.199.229
1608,Engelbert,Kimble,ekimblegv@hatena.ne.jp,Male,249.96.53.217
1609,Helenelizabeth,Romaint,hromaintgw@youku.com,Female,209.12.147.149
1610,Malynda,Isitt,misittgx@webeden.co.uk,Female,126.38.249.202
1611,Herold,Jiruch,hjiruchgy@businessinsider.com,Male,78.63.103.204
1612,Vincents,Kettlestring,vkettlestringgz@jiathis.com,Polygender,63.199.232.10
1613,Koenraad,Denis,kdenish0@typepad.com,Male,137.128.26.70
1614,Laverna,Gooderridge,lgooderridgeh1@ca.gov,Female,14.147.94.145
1615,Marie-ann,Littlejohns,mlittlejohnsh2@princeton.edu,Female,24.142.187.148
1616,Gerhardt,Spraggs,gspraggsh3@infoseek.co.jp,Male,12.170.150.13
1617,Daryle,Hinners,dhinnersh4@blogspot.com,Male,28.226.158.227
1618,Benji,Quimby,bquimbyh5@wikia.com,Male,49.76.218.184
1619,Emile,Brierly,ebrierlyh6@jalbum.net,Genderqueer,112.48.117.76
1620,Nathalia,Clashe,nclasheh7@cam.ac.uk,Female,97.244.28.189
1621,Michel,Joddens,mjoddensh8@tinypic.com,Genderqueer,116.210.189.111
1622,Rice,Gobeaux,rgobeauxh9@ocn.ne.jp,Male,200.164.206.142
1623,Marni,Saxon,msaxonha@nature.com,Female,23.217.133.68
1624,Andros,Yearby,ayearbyhb@amazon.com,Male,116.90.102.3
1625,Hildagarde,Worssam,hworssamhc@fotki.com,Bigender,245.203.36.138
1626,Carney,Demongeot,cdemongeothd@buzzfeed.com,Male,185.133.183.185
1627,Marius,Cleevely,mcleevelyhe@chronoengine.com,Polygender,155.47.226.33
1628,Johann,Edlestone,jedlestonehf@webnode.com,Male,192.29.41.212
1629,Kass,Menlove,kmenlovehg@photobucket.com,Female,139.37.199.124
1630,Chrysler,Mackrill,cmackrillhh@hugedomains.com,Female,220.111.63.201
1631,Ring,McClaughlin,rmcclaughlinhi@thetimes.co.uk,Male,23.23.134.239
1632,Eliot,Cassel,ecasselhj@yellowpages.com,Male,100.229.100.91
1633,Rees,McIndrew,rmcindrewhk@1688.com,Male,60.102.54.190
1634,Penny,Robelin,probelinhl@accuweather.com,Female,186.183.147.14
1635,Bellina,Tibalt,btibalthm@cbslocal.com,Female,136.173.72.145
1636,Marty,Cranston,mcranstonhn@sciencedirect.com,Female,142.203.101.79
1637,Darrin,Cowcha,dcowchaho@cmu.edu,Male,34.50.238.184
1638,Alleyn,Easbie,aeasbiehp@tiny.cc,Male,209.212.255.5
1639,Reina,Schimek,rschimekhq@princeton.edu,Agender,42.191.94.123
1640,Carmelle,Baggarley,cbaggarleyhr@nature.com,Female,114.195.252.138
1641,Bernita,Mudge,bmudgehs@reuters.com,Female,74.3.164.95
1642,Oralie,Duckering,oduckeringht@studiopress.com,Female,52.80.109.232
1643,Russell,Dummett,rdummetthu@vk.com,Polygender,187.104.13.67
1644,Graig,Barkus,gbarkushv@irs.gov,Male,33.28.233.126
1645,Remus,Mashro,rmashrohw@miibeian.gov.cn,Male,35.22.194.56
1646,Keen,Caney,kcaneyhx@ow.ly,Male,143.25.212.243
1647,Robenia,Ditzel,rditzelhy@webnode.com,Female,159.64.53.245
1648,Crissie,Overnell,covernellhz@answers.com,Female,56.127.198.87
1649,Agnella,Manger,amangeri0@illinois.edu,Female,99.148.163.193
1650,Shelden,D'Andrea,sdandreai1@miibeian.gov.cn,Male,224.138.199.156
1651,Xylia,Hessle,xhesslei2@sakura.ne.jp,Female,163.198.9.96
1652,Danila,Penn,dpenni3@bigcartel.com,Female,182.242.129.227
1653,Car,Edmondson,cedmondsoni4@dailymail.co.uk,Male,41.248.128.49
1654,Kary,Moodycliffe,kmoodycliffei5@state.tx.us,Female,206.160.185.162
1655,Elliott,Poytheras,epoytherasi6@hostgator.com,Male,89.62.55.153
1656,Anallese,McQuarrie,amcquarriei7@wordpress.org,Female,186.252.220.148
1657,Jennee,Quinevan,jquinevani8@mapy.cz,Female,128.34.146.53
1658,Pippy,Dykas,pdykasi9@usgs.gov,Female,139.161.207.98
1659,Teresita,Jager,tjageria@w3.org,Female,162.106.172.45
1660,Gordie,Szymczyk,gszymczykib@adobe.com,Male,249.203.142.131
1661,Yettie,Westwell,ywestwellic@jalbum.net,Female,87.209.6.215
1662,Ebba,MacCurlye,emaccurlyeid@seesaa.net,Female,83.252.160.235
1663,Arlyn,Warfield,awarfieldie@delicious.com,Female,11.52.57.216
1664,Sasha,Thyer,sthyerif@mayoclinic.com,Male,212.29.67.1
1665,Shannon,Lorens,slorensig@mashable.com,Male,3.73.102.215
1666,Farica,Scullard,fscullardih@redcross.org,Female,99.60.130.226
1667,Camellia,Woofenden,cwoofendenii@taobao.com,Female,146.52.118.229
1668,Dexter,Nassie,dnassieij@geocities.jp,Male,72.161.29.224
1669,Jacques,Benkhe,jbenkheik@desdev.cn,Male,100.110.106.234
1670,Binky,Mc Gaughey,bmcgaugheyil@sun.com,Male,119.95.83.197
1671,Terrill,Halston,thalstonim@google.nl,Agender,116.88.231.255
1672,Brenda,Chismon,bchismonin@baidu.com,Genderqueer,227.86.244.241
1673,Cal,Castagnone,ccastagnoneio@yale.edu,Female,82.209.35.16
1674,Mendie,Brecher,mbrecherip@jimdo.com,Male,245.153.200.180
1675,Rudolf,Kanter,rkanteriq@issuu.com,Male,76.5.126.37
1676,Hobard,Bunce,hbunceir@multiply.com,Male,54.87.186.122
1677,Meghan,Leimster,mleimsteris@marriott.com,Female,198.19.23.174
1678,Kareem,Carless,kcarlessit@nih.gov,Male,12.194.98.205
1679,Lilli,Tuther,ltutheriu@blogs.com,Female,219.43.195.148
1680,Jose,Coulthard,jcoulthardiv@cbsnews.com,Male,186.14.4.241
1681,Franky,Cosgrive,fcosgriveiw@census.gov,Male,170.154.191.109
1682,Gwendolin,Popple,gpoppleix@adobe.com,Female,147.32.250.3
1683,Sancho,McKleod,smckleodiy@51.la,Male,90.114.154.92
1684,Netty,Matiewe,nmatieweiz@blogs.com,Female,49.5.30.158
1685,Nickolaus,Delwater,ndelwaterj0@amazon.co.jp,Male,169.75.238.150
1686,Leigh,Ashborne,lashbornej1@springer.com,Male,31.48.225.195
1687,Kane,Yushmanov,kyushmanovj2@geocities.com,Male,226.196.249.173
1688,Flossi,Budge,fbudgej3@wikispaces.com,Female,252.44.157.202
1689,Zonda,Treend,ztreendj4@cam.ac.uk,Agender,208.188.39.66
1690,Goldia,Snawdon,gsnawdonj5@com.com,Female,181.107.142.129
1691,Maiga,Monahan,mmonahanj6@jalbum.net,Female,83.204.205.230
1692,Edmund,Polgreen,epolgreenj7@weebly.com,Male,130.197.60.213
1693,Katti,Cashmore,kcashmorej8@webmd.com,Female,216.197.137.205
1694,Hedy,Cure,hcurej9@dmoz.org,Female,226.32.11.15
1695,Lock,Risborough,lrisboroughja@webnode.com,Male,59.101.80.233
1696,Chlo,Witty,cwittyjb@technorati.com,Female,91.121.218.68
1697,Amandie,Gillson,agillsonjc@networkadvertising.org,Female,123.173.248.61
1698,Palmer,Merill,pmerilljd@surveymonkey.com,Male,168.108.77.82
1699,Con,Keary,ckearyje@pagesperso-orange.fr,Male,139.87.57.6
1700,Maryrose,Blackmoor,mblackmoorjf@princeton.edu,Female,118.63.133.83
1701,Mike,Truder,mtruderjg@slideshare.net,Male,225.135.30.133
1702,Norean,Izzatt,nizzattjh@theguardian.com,Female,69.129.62.89
1703,Violette,Crowthe,vcrowtheji@aol.com,Female,149.103.109.240
1704,Inez,Canby,icanbyjj@ifeng.com,Female,26.119.32.54
1705,Granthem,Deakan,gdeakanjk@nifty.com,Male,48.174.84.56
1706,Tess,Charke,tcharkejl@angelfire.com,Female,37.208.16.46
1707,Madelena,Cosby,mcosbyjm@ucsd.edu,Female,51.7.181.102
1708,Hermine,Olechnowicz,holechnowiczjn@time.com,Female,98.161.220.22
1709,Harriette,Speddin,hspeddinjo@examiner.com,Genderqueer,13.135.224.2
1710,Nikkie,Gladdifh,ngladdifhjp@ucoz.ru,Female,145.110.87.166
1711,Letitia,Wheelband,lwheelbandjq@who.int,Female,141.214.198.9
1712,Eloise,Kingcote,ekingcotejr@amazon.co.uk,Female,91.211.216.156
1713,Ofilia,Peevor,opeevorjs@flavors.me,Female,139.177.160.120
1714,Bettye,Coules,bcoulesjt@uiuc.edu,Female,163.119.202.48
1715,Caril,Lydall,clydallju@biblegateway.com,Female,190.35.159.164
1716,Marigold,Danilishin,mdanilishinjv@seesaa.net,Female,74.95.254.197
1717,Adelaide,Wincom,awincomjw@spotify.com,Female,151.153.177.245
1718,Cyndi,Alliban,callibanjx@dion.ne.jp,Female,32.8.249.142
1719,Hyman,Pendergrast,hpendergrastjy@biglobe.ne.jp,Male,90.223.10.45
1720,Westbrooke,Turland,wturlandjz@cafepress.com,Male,19.219.170.234
1721,Ingar,Widd,iwiddk0@dot.gov,Male,192.188.235.121
1722,Carey,Felipe,cfelipek1@loc.gov,Female,103.34.220.226
1723,Zora,Durgan,zdurgank2@psu.edu,Female,207.52.48.180
1724,Maynard,Jehaes,mjehaesk3@yellowpages.com,Male,177.211.160.59
1725,Shepherd,Lautie,slautiek4@bluehost.com,Male,189.64.140.168
1726,Hyacinthe,Sheringham,hsheringhamk5@chron.com,Female,187.101.92.85
1727,Clemence,Ginnally,cginnallyk6@oakley.com,Female,160.37.69.213
1728,Tommie,O'Gaven,togavenk7@livejournal.com,Male,59.171.87.199
1729,Bradney,Sambrok,bsambrokk8@blog.com,Male,94.194.189.57
1730,Felipa,Vann,fvannk9@goo.ne.jp,Female,100.88.116.230
1731,Amble,Vasilechko,avasilechkoka@independent.co.uk,Male,243.12.95.91
1732,Freida,Bage,fbagekb@sciencedirect.com,Female,53.183.166.184
1733,Fidelio,Mussetti,fmussettikc@sciencedaily.com,Male,138.37.61.137
1734,Bendix,Crockford,bcrockfordkd@japanpost.jp,Male,55.89.62.84
1735,Luis,Rewan,lrewanke@shop-pro.jp,Male,79.131.132.16
1736,Jarrad,Hinze,jhinzekf@epa.gov,Male,124.113.21.103
1737,Alfonse,Bernadot,abernadotkg@shinystat.com,Male,69.209.88.21
1738,Spenser,Coch,scochkh@scribd.com,Male,66.98.83.34
1739,Maureene,Carlsson,mcarlssonki@canalblog.com,Female,140.30.0.64
1740,Winni,Goakes,wgoakeskj@freewebs.com,Female,66.115.50.79
1741,Kirby,Dellit,kdellitkk@yellowpages.com,Female,81.47.245.55
1742,Ola,Grishmanov,ogrishmanovkl@reference.com,Female,181.79.129.38
1743,Margarethe,Hickisson,mhickissonkm@ustream.tv,Female,73.136.56.194
1744,Manda,Lentsch,mlentschkn@fotki.com,Female,20.37.150.150
1745,Marysa,Breston,mbrestonko@fc2.com,Genderfluid,240.232.72.43
1746,Lurlene,Rochewell,lrochewellkp@salon.com,Female,110.198.139.234
1747,Nissie,Zimmer,nzimmerkq@apache.org,Female,13.129.106.108
1748,Inglis,Corbould,icorbouldkr@scribd.com,Male,55.129.9.6
1749,Idell,Jepson,ijepsonks@mail.ru,Genderfluid,175.14.144.16
1750,Garvey,Baly,gbalykt@fastcompany.com,Male,22.192.101.47
1751,Alvira,Bunyard,abunyardku@umich.edu,Female,114.30.161.96
1752,Faulkner,Tetlow,ftetlowkv@europa.eu,Male,110.162.170.198
1753,Tish,Frangleton,tfrangletonkw@mit.edu,Female,167.61.197.240
1754,Jakie,Carnoghan,jcarnoghankx@google.co.uk,Male,17.105.152.189
1755,Kesley,Delacroux,kdelacrouxky@tmall.com,Female,252.135.123.33
1756,Haze,Lovart,hlovartkz@umn.edu,Non-binary,116.87.255.155
1757,Aidan,Rofe,arofel0@godaddy.com,Female,170.207.54.117
1758,Oliy,Cutcliffe,ocutcliffel1@wordpress.com,Female,222.81.86.201
1759,Jean,Cornels,jcornelsl2@surveymonkey.com,Genderqueer,30.20.1.22
1760,Grata,Grolle,ggrollel3@ameblo.jp,Female,141.38.177.224
1761,Leyla,Alldritt,lalldrittl4@mashable.com,Female,43.223.14.13
1762,Theo,Goodfield,tgoodfieldl5@constantcontact.com,Male,79.106.17.117
1763,Terry,Goaks,tgoaksl6@ox.ac.uk,Male,75.67.71.161
1764,Kristofer,Abrehart,kabrehartl7@state.tx.us,Male,246.221.76.104
1765,Debi,Medley,dmedleyl8@vk.com,Non-binary,0.196.129.138
1766,Theo,Athy,tathyl9@php.net,Male,14.8.198.29
1767,Jasmin,Stangoe,jstangoela@home.pl,Female,101.13.246.17
1768,Silvano,Dagger,sdaggerlb@tinypic.com,Male,148.69.44.151
1769,Laura,Beacon,lbeaconlc@hubpages.com,Genderfluid,197.154.182.28
1770,Marcus,Canfield,mcanfieldld@cdbaby.com,Male,44.87.202.144
1771,Shawna,Pley,spleyle@plala.or.jp,Female,96.155.56.169
1772,Vlad,Thickett,vthickettlf@wikia.com,Male,208.136.59.251
1773,Mel,Rove,mrovelg@oaic.gov.au,Male,233.112.196.107
1774,Sean,Hanalan,shanalanlh@psu.edu,Male,180.249.253.246
1775,Pandora,Glendza,pglendzali@amazon.com,Female,76.183.147.78
1776,Bat,Borchardt,bborchardtlj@microsoft.com,Polygender,90.70.191.124
1777,Rees,Stickland,rsticklandlk@github.io,Male,44.124.102.125
1778,Antonius,Mote,amotell@icio.us,Male,186.173.229.215
1779,Colman,Carnegy,ccarnegylm@google.ru,Male,159.240.236.179
1780,Elana,Braune,ebrauneln@scribd.com,Female,1.139.213.170
1781,Katharine,Rousell,krouselllo@dailymail.co.uk,Female,255.43.127.7
1782,Maris,Roz,mrozlp@canalblog.com,Female,97.225.84.46
1783,Evelina,Sabin,esabinlq@irs.gov,Female,57.209.182.166
1784,Kristofor,Linck,klincklr@icio.us,Male,66.238.85.120
1785,Gwenore,Vanyushin,gvanyushinls@simplemachines.org,Female,235.11.182.18
1786,Teodoro,Masser,tmasserlt@histats.com,Male,20.163.247.16
1787,Krishna,Opdenort,kopdenortlu@vimeo.com,Male,20.143.143.111
1788,Jessalyn,Kubicek,jkubiceklv@stumbleupon.com,Female,253.208.134.53
1789,Alwyn,Ioannidis,aioannidislw@github.com,Genderfluid,29.200.27.63
1790,Leonardo,Vlasov,lvlasovlx@shareasale.com,Male,169.225.148.78
1791,Aloise,Sailor,asailorly@netscape.com,Female,41.160.112.46
1792,Raddie,Basant,rbasantlz@nih.gov,Male,136.112.67.108
1793,Farand,Reeves,freevesm0@surveymonkey.com,Female,203.94.242.36
1794,Ado,Lyfe,alyfem1@paypal.com,Male,136.157.18.208
1795,Ruperto,Newlan,rnewlanm2@photobucket.com,Male,236.28.101.106
1796,Jens,Ghidini,jghidinim3@scientificamerican.com,Male,124.154.31.198
1797,Gayel,McRill,gmcrillm4@washingtonpost.com,Non-binary,43.178.108.45
1798,Avril,Cuell,acuellm5@cargocollective.com,Female,184.70.38.8
1799,Charin,Mitchinson,cmitchinsonm6@aol.com,Female,203.56.227.93
1800,Cristen,Bessett,cbessettm7@nature.com,Female,46.212.244.223
1801,Bartholomeus,Devenish,bdevenishm8@scientificamerican.com,Male,178.1.28.70
1802,Todd,Falls,tfallsm9@cyberchimps.com,Male,67.59.83.62
1803,Archaimbaud,Orridge,aorridgema@oakley.com,Male,230.151.124.225
1804,Deni,Heggman,dheggmanmb@cam.ac.uk,Female,174.91.212.178
1805,Keefer,Beyer,kbeyermc@instagram.com,Male,251.147.82.9
1806,Claudine,Spooner,cspoonermd@bing.com,Female,34.19.14.133
1807,Cassie,Zolini,czolinime@ezinearticles.com,Female,217.63.62.169
1808,Cullin,Maharg,cmahargmf@washingtonpost.com,Male,201.57.237.61
1809,Selestina,Triebner,striebnermg@china.com.cn,Female,186.176.53.72
1810,Jannel,Oseland,joselandmh@typepad.com,Female,160.122.158.96
1811,Ginger,Sleicht,gsleichtmi@sohu.com,Genderqueer,171.159.231.11
1812,Quillan,Geibel,qgeibelmj@alibaba.com,Male,249.148.183.42
1813,My,Scowcroft,mscowcroftmk@pbs.org,Male,170.26.223.30
1814,Adele,Steljes,asteljesml@yahoo.com,Female,34.60.208.83
1815,Vladimir,Culshaw,vculshawmm@purevolume.com,Male,246.27.117.150
1816,Uriel,Croxall,ucroxallmn@earthlink.net,Male,22.195.36.233
1817,Elmer,Oddie,eoddiemo@blogtalkradio.com,Male,156.35.42.48
1818,Willem,Challace,wchallacemp@ebay.co.uk,Male,75.191.136.114
1819,Boony,Haylands,bhaylandsmq@statcounter.com,Male,167.216.225.142
1820,Vance,Jeromson,vjeromsonmr@naver.com,Male,193.246.228.167
1821,Doll,Farge,dfargems@ifeng.com,Female,198.196.46.166
1822,Ealasaid,Quantrell,equantrellmt@addtoany.com,Female,118.70.247.215
1823,Haily,Buyers,hbuyersmu@hubpages.com,Male,29.187.213.239
1824,Hadrian,Vedekhov,hvedekhovmv@seesaa.net,Male,254.122.163.182
1825,Arlee,Mabbs,amabbsmw@google.ca,Female,197.132.67.131
1826,Thoma,Morforth,tmorforthmx@icio.us,Male,167.194.135.13
1827,Martie,Fontenot,mfontenotmy@house.gov,Female,229.69.163.48
1828,Allen,Urwin,aurwinmz@joomla.org,Male,236.196.113.152
1829,Madalena,Featenby,mfeatenbyn0@chron.com,Female,31.114.138.243
1830,Dimitry,McKag,dmckagn1@ycombinator.com,Male,32.81.107.109
1831,Wakefield,Connachan,wconnachann2@ox.ac.uk,Male,105.187.123.91
1832,Ara,Friedman,afriedmann3@netlog.com,Male,131.125.141.64
1833,Caprice,Christofe,cchristofen4@edublogs.org,Female,98.188.148.129
1834,Ludvig,Menham,lmenhamn5@is.gd,Male,169.132.155.71
1835,Kale,Hughesdon,khughesdonn6@freewebs.com,Male,148.85.225.58
1836,Christal,Ellis,cellisn7@nature.com,Female,113.59.121.92
1837,Julina,Carrabot,jcarrabotn8@chicagotribune.com,Female,163.147.128.123
1838,Nye,Matushenko,nmatushenkon9@weather.com,Male,169.225.239.173
1839,Maximilien,De la Eglise,mdelaeglisena@fotki.com,Male,121.22.244.234
1840,Englebert,Matashkin,ematashkinnb@google.ca,Male,143.197.37.100
1841,Virgil,Gaveltone,vgaveltonenc@addtoany.com,Male,162.174.12.29
1842,Eugen,Puncher,epunchernd@i2i.jp,Male,59.231.138.230
1843,Chandra,Saggers,csaggersne@ebay.com,Female,183.87.56.188
1844,Carrie,Curtoys,ccurtoysnf@si.edu,Female,59.195.189.200
1845,Godwin,Blamey,gblameyng@netvibes.com,Bigender,219.47.110.147
1846,Myriam,Purkins,mpurkinsnh@tiny.cc,Non-binary,221.48.194.31
1847,Rich,Autin,rautinni@newsvine.com,Non-binary,197.234.106.133
1848,Maryjane,Abdey,mabdeynj@mlb.com,Female,28.189.182.47
1849,Eulalie,Siviter,esiviternk@huffingtonpost.com,Female,181.129.185.34
1850,Ange,Passingham,apassinghamnl@nymag.com,Female,83.193.82.193
1851,Kaleb,Belchamber,kbelchambernm@alexa.com,Male,19.129.249.106
1852,Jeremy,Ganny,jgannynn@samsung.com,Male,37.88.67.255
1853,Rodney,Christy,rchristyno@statcounter.com,Non-binary,86.117.233.19
1854,Harrison,Philcock,hphilcocknp@constantcontact.com,Male,213.189.249.243
1855,Den,Eskrigg,deskriggnq@zdnet.com,Agender,27.52.32.116
1856,Fairfax,Buckley,fbuckleynr@yelp.com,Male,12.109.247.2
1857,Tedmund,Leavens,tleavensns@xinhuanet.com,Male,236.61.149.205
1858,Saxe,Van der Brugge,svanderbruggent@freewebs.com,Male,250.188.181.245
1859,Brade,Glasner,bglasnernu@opera.com,Male,95.86.97.47
1860,Elie,Vedekhin,evedekhinnv@japanpost.jp,Female,137.54.53.69
1861,Coralyn,Poulney,cpoulneynw@behance.net,Female,34.196.159.242
1862,Annemarie,Pottage,apottagenx@bigcartel.com,Bigender,128.199.116.167
1863,Loni,Lawden,llawdenny@unblog.fr,Female,60.164.77.14
1864,Alvera,Fitchett,afitchettnz@globo.com,Female,19.102.133.84
1865,Miltie,Dionsetti,mdionsettio0@gizmodo.com,Male,238.203.140.81
1866,Daryl,Guichard,dguichardo1@google.pl,Female,255.143.57.133
1867,Burr,Bownd,bbowndo2@naver.com,Male,51.102.187.209
1868,Peter,Ruffell,pruffello3@apache.org,Male,21.58.193.223
1869,Friedrich,Galpin,fgalpino4@who.int,Male,198.234.46.76
1870,Delora,Sivior,dsivioro5@mtv.com,Female,220.108.44.116
1871,Dolf,Onslow,donslowo6@t.co,Polygender,237.9.143.166
1872,Gill,Anselmi,ganselmio7@over-blog.com,Female,184.217.129.46
1873,Wendell,Attard,wattardo8@myspace.com,Male,121.96.112.89
1874,Lind,Wrought,lwroughto9@theatlantic.com,Male,2.216.76.19
1875,Nicoline,MacNeilly,nmacneillyoa@meetup.com,Female,222.84.219.22
1876,Betsy,Ravel,bravelob@gizmodo.com,Female,32.185.105.4
1877,Ingeborg,Dawid,idawidoc@taobao.com,Female,28.199.65.113
1878,Boone,Balaizot,bbalaizotod@statcounter.com,Male,20.103.160.186
1879,Pooh,Corrison,pcorrisonoe@state.tx.us,Female,2.80.96.206
1880,Buddy,Tansly,btanslyof@e-recht24.de,Male,223.106.221.175
1881,Terrel,Heselwood,theselwoodog@posterous.com,Male,222.117.184.2
1882,Katy,Leivers,kleiversoh@unicef.org,Female,208.230.52.244
1883,Gris,Mathouse,gmathouseoi@cnn.com,Male,78.231.93.162
1884,Callida,Edgeler,cedgeleroj@goo.ne.jp,Female,99.127.235.45
1885,Ebeneser,Belchambers,ebelchambersok@wikimedia.org,Male,219.191.197.46
1886,Dyann,Pardy,dpardyol@spiegel.de,Female,177.174.34.181
1887,Yankee,Goacher,ygoacherom@mlb.com,Male,130.42.145.149
1888,Briggs,Peachman,bpeachmanon@wired.com,Male,46.181.4.111
1889,Darsey,Pluvier,dpluvieroo@latimes.com,Female,102.231.101.11
1890,Olia,Sidebottom,osidebottomop@yale.edu,Bigender,209.13.64.125
1891,Sofia,Gamlen,sgamlenoq@alexa.com,Female,181.151.203.180
1892,Karina,Lampet,klampetor@telegraph.co.uk,Female,193.134.77.95
1893,Seline,Mourant,smourantos@xing.com,Female,61.186.229.113
1894,Fairfax,Buesden,fbuesdenot@senate.gov,Male,10.187.126.90
1895,Page,O'Fallone,pofalloneou@latimes.com,Male,26.95.142.199
1896,Bud,Shailer,bshailerov@mtv.com,Male,129.120.155.125
1897,Lutero,Comport,lcomportow@purevolume.com,Male,91.9.245.105
1898,Alina,Lerego,aleregoox@domainmarket.com,Genderqueer,251.162.250.111
1899,Enos,Rintoul,erintouloy@ftc.gov,Male,198.79.178.170
1900,Uriel,Conry,uconryoz@posterous.com,Male,82.49.62.13
1901,Carine,Gorvette,cgorvettep0@google.ru,Female,233.239.137.162
1902,Rosaline,Lewing,rlewingp1@constantcontact.com,Female,128.153.82.105
1903,Adelbert,Bubbings,abubbingsp2@oaic.gov.au,Male,245.71.47.193
1904,Leslie,Glazzard,lglazzardp3@huffingtonpost.com,Agender,23.53.130.193
1905,Trenton,Desouza,tdesouzap4@illinois.edu,Male,166.71.33.86
1906,Franciska,Gianasi,fgianasip5@dagondesign.com,Female,234.225.89.191
1907,Ophelie,Mitchelson,omitchelsonp6@tamu.edu,Female,117.11.141.168
1908,Evangelina,Rummer,erummerp7@columbia.edu,Female,129.157.176.233
1909,Tuck,Stolberger,tstolbergerp8@pagesperso-orange.fr,Male,184.57.30.68
1910,Lodovico,Valerius,lvaleriusp9@wiley.com,Male,180.181.242.68
1911,Marina,Josselsohn,mjosselsohnpa@elegantthemes.com,Female,228.231.185.28
1912,Lyssa,Willows,lwillowspb@psu.edu,Female,54.26.77.69
1913,Geri,Midlane,gmidlanepc@oakley.com,Genderfluid,210.180.126.194
1914,Remy,Eadmeades,readmeadespd@army.mil,Genderqueer,104.150.167.223
1915,Kimbell,Cheer,kcheerpe@seesaa.net,Male,96.56.33.218
1916,Gaylene,Matyukon,gmatyukonpf@ning.com,Female,183.154.121.224
1917,Chanda,Atto,cattopg@answers.com,Female,85.144.208.167
1918,Barbie,Freddi,bfreddiph@omniture.com,Female,220.131.7.239
1919,Randy,Branton,rbrantonpi@amazon.com,Male,41.62.10.243
1920,Christy,Pee,cpeepj@theatlantic.com,Male,200.218.115.110
1921,Mellisa,Alesi,malesipk@blogger.com,Female,168.182.191.168
1922,Rodger,Canet,rcanetpl@uiuc.edu,Male,47.110.240.16
1923,Gardner,Faulo,gfaulopm@va.gov,Male,169.171.113.117
1924,Kermy,Bouldon,kbouldonpn@networkadvertising.org,Male,210.62.129.171
1925,Archibold,Afonso,aafonsopo@surveymonkey.com,Male,192.110.223.12
1926,Lexine,Pellamont,lpellamontpp@amazonaws.com,Female,188.50.62.83
1927,Glenna,Ivanishchev,givanishchevpq@pen.io,Female,156.37.19.26
1928,Elisha,Shepley,eshepleypr@theatlantic.com,Female,130.4.17.243
1929,Giffer,Southcott,gsouthcottps@businessweek.com,Male,254.56.67.148
1930,Gabriellia,Drew-Clifton,gdrewcliftonpt@prweb.com,Female,81.5.56.11
1931,Zorana,Novak,znovakpu@npr.org,Polygender,86.129.170.150
1932,Reider,Silwood,rsilwoodpv@about.com,Male,199.128.7.148
1933,Cloris,Lathbury,clathburypw@nih.gov,Female,201.141.225.177
1934,Taylor,Littley,tlittleypx@wix.com,Male,49.201.111.111
1935,Griswold,Manifould,gmanifouldpy@google.it,Male,175.16.121.31
1936,Sharl,Maryin,smaryinpz@hhs.gov,Female,221.115.133.126
1937,Courtney,Dominey,cdomineyq0@desdev.cn,Male,71.111.18.198
1938,Consuela,Goady,cgoadyq1@ameblo.jp,Female,161.185.4.84
1939,Rosette,Lewsley,rlewsleyq2@howstuffworks.com,Female,244.166.164.105
1940,Debee,Lamacraft,dlamacraftq3@mapy.cz,Female,148.217.198.120
1941,Sidoney,Mein,smeinq4@craigslist.org,Female,73.44.193.176
1942,Bruce,Blenkhorn,bblenkhornq5@cam.ac.uk,Genderfluid,229.81.115.122
1943,Shana,Bletsor,sbletsorq6@nytimes.com,Female,103.189.232.224
1944,Codie,Coburn,ccoburnq7@ebay.co.uk,Male,75.214.44.242
1945,Celisse,Burnie,cburnieq8@paypal.com,Female,230.49.54.147
1946,Phillip,Giriardelli,pgiriardelliq9@columbia.edu,Male,59.208.207.20
1947,Goldy,Georgi,ggeorgiqa@jugem.jp,Female,33.86.37.59
1948,Jackelyn,Tubridy,jtubridyqb@biglobe.ne.jp,Female,164.152.45.228
1949,Iggie,Benettolo,ibenettoloqc@zdnet.com,Genderqueer,224.43.236.84
1950,Simone,Dalgetty,sdalgettyqd@blinklist.com,Male,96.246.86.67
1951,Randolf,Alvy,ralvyqe@netscape.com,Male,157.68.128.36
1952,Kerianne,Yakovliv,kyakovlivqf@elegantthemes.com,Female,231.254.40.109
1953,Horatio,Sinclar,hsinclarqg@webmd.com,Male,123.44.46.4
1954,Inger,Muzzullo,imuzzulloqh@japanpost.jp,Male,172.200.96.154
1955,Milo,Sheering,msheeringqi@printfriendly.com,Male,222.25.177.83
1956,Jacquelin,Jordin,jjordinqj@ask.com,Female,134.205.97.177
1957,Bryan,Crier,bcrierqk@jugem.jp,Male,246.236.127.229
1958,Virge,Hawkey,vhawkeyql@bluehost.com,Male,217.34.152.165
1959,Aloisia,Blint,ablintqm@cnn.com,Non-binary,88.200.189.196
1960,Sharleen,Bouttell,sbouttellqn@yellowbook.com,Female,66.162.193.25
1961,Falito,Boodle,fboodleqo@vistaprint.com,Bigender,184.152.95.120
1962,Mordecai,Entwisle,mentwisleqp@tinypic.com,Male,121.128.115.238
1963,Hayes,Blankhorn,hblankhornqq@sina.com.cn,Male,147.25.161.250
1964,Claudette,McKerlie,cmckerlieqr@surveymonkey.com,Agender,214.112.9.242
1965,Fraser,Heppner,fheppnerqs@moonfruit.com,Male,154.138.160.120
1966,Clemens,Bingell,cbingellqt@pagesperso-orange.fr,Male,75.240.150.238
1967,Neall,Stiegar,nstiegarqu@comsenz.com,Male,125.21.193.146
1968,Berkley,Bigley,bbigleyqv@hp.com,Male,49.8.54.146
1969,Donetta,Crottagh,dcrottaghqw@princeton.edu,Female,96.255.134.140
1970,Roslyn,Giraudeau,rgiraudeauqx@artisteer.com,Female,163.200.226.67
1971,Saidee,McSharry,smcsharryqy@mashable.com,Female,44.138.130.47
1972,Carroll,Kelledy,ckelledyqz@google.es,Genderfluid,122.247.194.7
1973,Petra,Girardy,pgirardyr0@state.gov,Female,21.20.103.42
1974,Danya,McLeese,dmcleeser1@mysql.com,Male,53.84.150.145
1975,Shelia,Brassington,sbrassingtonr2@cdbaby.com,Non-binary,232.244.114.164
1976,Wallas,Lalor,wlalorr3@marketwatch.com,Male,77.228.125.177
1977,Thatcher,Coales,tcoalesr4@state.tx.us,Male,225.221.139.198
1978,Lamont,Maric,lmaricr5@github.com,Male,199.46.254.15
1979,Hillery,Segrave,hsegraver6@tumblr.com,Male,93.210.179.226
1980,Sheffy,Wahlberg,swahlbergr7@nymag.com,Male,8.18.197.89
1981,Ali,Malins,amalinsr8@t.co,Female,239.209.18.194
1982,Maddy,Bavin,mbavinr9@bing.com,Non-binary,104.193.138.180
1983,Albie,Magne,amagnera@odnoklassniki.ru,Male,132.78.191.219
1984,Emilie,Ripper,eripperrb@google.ru,Female,187.241.182.71
1985,Kerri,Nutton,knuttonrc@wix.com,Female,185.87.142.1
1986,Hannie,Merigon,hmerigonrd@xing.com,Polygender,80.255.245.26
1987,Charlena,Couling,ccoulingre@surveymonkey.com,Female,75.89.217.238
1988,Courtenay,Ding,cdingrf@constantcontact.com,Bigender,176.104.103.106
1989,Nealson,Kassidy,nkassidyrg@weather.com,Male,180.59.221.112
1990,Maurise,Grise,mgriserh@senate.gov,Bigender,77.2.232.178
1991,Karol,Lorryman,klorrymanri@nps.gov,Female,255.229.237.97
1992,Thornton,Habble,thabblerj@com.com,Male,218.121.255.28
1993,Gussi,Percy,gpercyrk@reverbnation.com,Female,249.138.165.96
1994,Wendell,Pentony,wpentonyrl@bbb.org,Male,186.217.16.181
1995,Gradeigh,Swadlinge,gswadlingerm@ezinearticles.com,Male,11.87.28.142
1996,Hillary,Stobie,hstobiern@cargocollective.com,Male,245.31.78.181
1997,Otis,Papen,opapenro@squarespace.com,Male,131.172.166.187
1998,Lowrance,Cornillot,lcornillotrp@china.com.cn,Male,233.59.74.22
1999,Albrecht,Clayhill,aclayhillrq@cbslocal.com,Male,110.47.16.13
2000,Alonzo,Druce,adrucerr@linkedin.com,Male,79.40.242.101
