1,McClenan, Bartie,bmcclenan0@cmu.edu,63.81.128.34
2,Jossel, Margaux,mjossel1@wix.com,239.75.96.69
3,Maginn, Valaree,vmaginn2@nsw.gov.au,111.63.235.12
5,Abarough, Cecelia,cabarough4@jimdo.com,230.89.228.132
7,Waldron, Temple,twaldron6@washington.edu,115.133.214.64
8,Polet, Sophronia,spolet7@slashdot.org,105.255.81.139
9,Samwyse, Caresse,csamwyse8@github.io,195.190.153.51
10,Borsi, Lucia,lborsi9@flickr.com,86.65.237.138
11,Mee, Xenos,xmeea@utexas.edu,133.206.46.181
13,Houldey, Bron,bhouldeyc@walmart.com,233.101.233.146
15,Scrannage, Rodge,rscrannagee@edublogs.org,116.97.154.200
16,Bushrod, Marcellus,mbushrodf@usatoday.com,11.163.2.139
17,Redish, Porty,predishg@gov.uk,25.130.178.100
18,Trainer, Winnie,wtrainerh@hhs.gov,187.9.81.26
19,Fiske, Kareem,kfiskei@webeden.co.uk,129.123.165.184
20,Scougal, Austine,ascougalj@shutterfly.com,125.72.34.116
21,Lensch, Gregg,glenschk@thetimes.co.uk,229.217.25.130
22,MacGinney, Claude,cmacginneyl@nytimes.com,176.142.168.183
23,Greenleaf, Ware,wgreenleafm@mapy.cz,79.254.70.187
24,Scottini, Cody,cscottinin@eventbrite.com,248.126.181.60
25,Beincken, Issie,ibeinckeno@hubpages.com,118.8.35.69
27,Fishlee, Konstantine,kfishleeq@fotki.com,175.207.157.37
29,Tregonna, Marnia,mtregonnas@thetimes.co.uk,237.116.125.47
30,Littlewood, Elladine,elittlewoodt@earthlink.net,5.86.244.140
31,Gyurko, Preston,pgyurkou@blogspot.com,81.117.73.120
32,Kroin, Eugenia,ekroinv@twitpic.com,0.189.253.102
33,Hatchard, Nichol,nhatchardw@usda.gov,17.96.221.122
34,Howgego, Inna,ihowgegox@github.io,137.47.88.48
35,Saddler, Gracia,gsaddlery@businessweek.com,164.173.149.114
36,Mendus, Gabi,gmendusz@hud.gov,105.255.113.92
37,Bearn, Stephi,sbearn10@wordpress.org,4.23.205.14
39,Shale, Meridel,mshale12@google.cn,85.127.34.174
41,Brimman, Giorgi,gbrimman14@sfgate.com,67.195.234.70
42,Lago, Jocelin,jlago15@icio.us,8.166.138.147
43,Hatter, Quintus,qhatter16@biblegateway.com,147.145.46.58
45,McMaster, Chad,cmcmaster18@etsy.com,9.22.28.183
46,Emmitt, Tommie,temmitt19@sohu.com,81.78.94.17
47,Damato, Tracy,tdamato1a@hc360.com,43.182.100.22
49,Zylbermann, Aurilia,azylbermann1c@who.int,100.34.246.244
51,Snowding, Joice,jsnowding1e@slideshare.net,96.128.167.83
52,Greenfield, Giorgia,ggreenfield1f@nba.com,39.198.43.93
53,Hazlehurst, Prinz,phazlehurst1g@privacy.gov.au,80.28.1.110
55,Weall, Monro,mweall1i@diigo.com,179.218.2.184
56,McAirt, Vilhelmina,vmcairt1j@un.org,50.231.85.244
57,Stickford, Waylon,wstickford1k@samsung.com,23.97.197.236
58,Brehaut, Hynda,hbrehaut1l@cnn.com,172.94.127.180
59,Boulden, Cicely,cboulden1m@github.com,140.44.222.254
61,Arnolds, Mitchel,marnolds1o@gravatar.com,166.247.234.42
62,Copsey, Heidi,hcopsey1p@freewebs.com,81.25.21.157
63,Symmers, Claudell,csymmers1q@japanpost.jp,41.191.135.49
65,Gould, Dyann,dgould1s@princeton.edu,144.247.174.239
66,Terrett, Michelle,mterrett1t@springer.com,157.213.105.130
67,McGow, Roana,rmcgow1u@fastcompany.com,162.28.99.180
69,Duker, Lurline,lduker1w@rambler.ru,142.22.185.226
71,Payler, Pavia,ppayler1y@japanpost.jp,24.115.118.218
73,Cowpe, Evelyn,ecowpe20@icio.us,131.144.132.206
75,Scholey, Rosalie,rscholey22@lulu.com,77.157.191.49
76,Southerill, Lelia,lsoutherill23@zdnet.com,160.43.163.229
77,Onge, Bryant,bonge24@pen.io,111.47.156.218
79,Turbitt, Cloris,cturbitt26@ted.com,177.19.178.234
81,Pettiford, Margaux,mpettiford28@furl.net,34.175.161.115
82,Novak, Jacenta,jnovak29@usa.gov,141.42.238.125
83,Osgarby, Loree,losgarby2a@hugedomains.com,43.92.109.101
84,Cogin, Luz,lcogin2b@netscape.com,39.34.182.166
85,Aird, Elie,eaird2c@diigo.com,30.11.249.30
86,Meany, Mechelle,mmeany2d@narod.ru,8.199.159.42
87,Conradsen, Had,hconradsen2e@soup.io,66.94.59.228
89,Arnolds, Humbert,harnolds2g@godaddy.com,0.152.29.94
91,Druery, Berne,bdruery2i@nydailynews.com,199.21.82.90
92,Walters, Donielle,dwalters2j@salon.com,87.19.232.223
93,Stembridge, Valentia,vstembridge2k@mashable.com,208.30.59.55
95,Shurey, Mycah,mshurey2m@guardian.co.uk,160.204.6.37
97,Pulford, Othella,opulford2o@dailymotion.com,238.220.188.52
99,Reeken, Kristi,kreeken2q@bizjournals.com,26.76.50.37
100,Overshott, Clarine,covershott2r@blogs.com,113.176.247.191
101,Gillimgham, Genny,ggillimgham2s@msn.com,135.123.165.136
102,Vickerman, Josi,jvickerman2t@google.co.jp,98.22.99.209
103,Coalburn, Normie,ncoalburn2u@reddit.com,235.227.147.119
105,Murby, Blancha,bmurby2w@newsvine.com,49.21.221.148
107,Kynaston, Jens,jkynaston2y@buzzfeed.com,32.226.164.80
108,Newsome, Brittan,bnewsome2z@columbia.edu,176.219.124.51
109,Friskey, Bell,bfriskey30@admin.ch,195.147.73.134
110,Cattrall, Pru,pcattrall31@bbc.co.uk,30.29.67.2
111,Gorring, Smitty,sgorring32@alibaba.com,231.241.34.188
113,Yedall, Major,myedall34@admin.ch,247.69.218.228
114,Hards, Vally,vhards35@cnet.com,62.143.185.250
115,Pyecroft, Augustus,apyecroft36@theatlantic.com,140.25.151.16
117,Agius, Nessa,nagius38@plala.or.jp,28.78.146.215
118,Cabedo, Annetta,acabedo39@github.io,51.26.96.193
119,Phelan, Humbert,hphelan3a@ed.gov,46.154.0.170
120,Wyre, Carolee,cwyre3b@bravesites.com,160.35.232.228
121,Whatham, Luke,lwhatham3c@google.cn,215.11.218.83
122,Lesper, Dede,dlesper3d@bandcamp.com,126.18.152.159
123,Kitson, Niall,nkitson3e@omniture.com,101.122.255.57
124,Stonall, Keeley,kstonall3f@blogtalkradio.com,215.42.47.107
125,Pidgeley, Randi,rpidgeley3g@artisteer.com,159.90.206.250
127,Pendrick, Lucian,lpendrick3i@sitemeter.com,44.219.10.219
129,Mauser, Shaina,smauser3k@vinaora.com,55.57.22.168
130,Goodliff, Brigitte,bgoodliff3l@sakura.ne.jp,138.147.75.220
131,Garrould, Gerald,ggarrould3m@dmoz.org,172.232.239.204
133,Shadrach, Rolfe,rshadrach3o@shop-pro.jp,170.82.191.68
135,Davitashvili, Chris,cdavitashvili3q@hatena.ne.jp,220.178.17.143
137,Alldritt, Gabriella,galldritt3s@state.tx.us,228.216.105.19
138,Mewhirter, Phoebe,pmewhirter3t@tripod.com,242.138.102.249
139,Penwright, Had,hpenwright3u@guardian.co.uk,147.99.136.142
140,Schiell, Dari,dschiell3v@blogtalkradio.com,161.216.145.5
141,Iddon, Melicent,middon3w@canalblog.com,78.183.75.90
143,Fedder, Fitz,ffedder3y@baidu.com,21.167.197.168
145,Olivie, Brian,bolivie40@dailymotion.com,14.82.81.233
146,Vondrach, Daria,dvondrach41@photobucket.com,122.127.255.253
147,Vassar, Ailis,avassar42@simplemachines.org,73.43.236.12
149,Fennell, Eduino,efennell44@youtube.com,58.174.196.118
151,McGahey, Mycah,mmcgahey46@themeforest.net,116.98.26.209
153,Gear, Sherie,sgear48@liveinternet.ru,108.210.140.234
155,Mountain, Letty,lmountain4a@boston.com,250.55.161.85
156,Troni, Nola,ntroni4b@accuweather.com,200.65.44.42
157,Bernini, Guthry,gbernini4c@sitemeter.com,105.107.173.156
158,Stevens, Alis,astevens4d@sakura.ne.jp,48.243.77.59
159,Florio, Roi,rflorio4e@plala.or.jp,28.252.252.175
161,Rolling, Derril,drolling4g@cyberchimps.com,97.133.40.77
162,Antcliffe, Nissie,nantcliffe4h@indiatimes.com,151.44.0.121
163,Drance, Adorne,adrance4i@odnoklassniki.ru,182.154.130.6
164,Czyz, Chloe,cczyz4j@chicagotribune.com,193.194.31.210
165,Hakes, Aleda,ahakes4k@bloomberg.com,164.154.65.75
167,Boseley, Lucila,lboseley4m@hexun.com,117.184.158.23
169,Aldridge, Velma,valdridge4o@amazon.co.jp,77.74.133.194
171,MacLardie, Dena,dmaclardie4q@google.com.au,177.245.38.100
172,Paddington, Lavinie,lpaddington4r@seattletimes.com,79.253.179.22
173,Wrout, Zollie,zwrout4s@gmpg.org,87.112.89.98
174,Poupard, Laure,lpoupard4t@stumbleupon.com,145.64.83.253
175,Heggie, Stephine,sheggie4u@topsy.com,0.201.55.153
177,Cater, Ellynn,ecater4w@nyu.edu,207.115.219.226
179,Shynn, Sammy,sshynn4y@topsy.com,86.186.176.38
180,Readshall, Tabbatha,treadshall4z@bluehost.com,175.91.218.87
181,Roper, Jeffrey,jroper50@reuters.com,141.116.132.179
183,Mayou, Bev,bmayou52@scribd.com,155.154.152.5
185,Wasmuth, Diarmid,dwasmuth54@networkadvertising.org,3.74.5.252
186,Kemwall, Nona,nkemwall55@xinhuanet.com,121.254.117.12
187,Cosstick, Durant,dcosstick56@umich.edu,140.68.37.160
188,Kristufek, Aigneis,akristufek57@cnbc.com,101.96.68.238
189,Finlator, Erna,efinlator58@sciencedirect.com,51.172.86.131
191,Waller, Ryun,rwaller5a@ovh.net,224.242.190.60
192,Giottini, Anica,agiottini5b@behance.net,138.195.113.134
193,Maddox, Cecilius,cmaddox5c@smugmug.com,35.68.245.228
194,O'Growgane, Brigit,bogrowgane5d@twitter.com,33.87.15.199
195,Zimmer, Magda,mzimmer5e@google.co.jp,200.48.171.19
197,Fearns, Kandy,kfearns5g@google.ca,196.131.195.190
198,Cominotti, Sonya,scominotti5h@homestead.com,253.143.31.24
199,Thouless, Cristionna,cthouless5i@stanford.edu,34.167.125.145
200,Mathieson, Merrie,mmathieson5j@cbc.ca,11.0.93.121
201,Gillbard, Agneta,agillbard5k@rediff.com,147.193.248.26
202,Trevaskus, Ban,btrevaskus5l@vinaora.com,128.86.64.253
203,Rainy, Elsa,erainy5m@wiley.com,101.77.63.121
205,MacNaughton, Megan,mmacnaughton5o@desdev.cn,150.226.89.17
206,Clampe, Sheeree,sclampe5p@ezinearticles.com,171.23.190.133
207,Brun, Willette,wbrun5q@jugem.jp,157.91.106.237
209,Surplice, Gregory,gsurplice5s@slashdot.org,84.90.112.129
210,Rouchy, Ivie,irouchy5t@google.nl,181.20.50.180
211,Orum, Collen,corum5u@ftc.gov,59.46.200.134
212,Figg, Elisabeth,efigg5v@com.com,162.228.7.182
213,Joffe, Alva,ajoffe5w@sogou.com,86.174.230.159
214,Layland, Marina,mlayland5x@theglobeandmail.com,29.232.126.122
215,Spellward, Mirilla,mspellward5y@tamu.edu,76.90.80.10
217,Craggs, Karlan,kcraggs60@ebay.com,159.13.70.13
219,Matieu, Dasie,dmatieu62@netscape.com,231.138.34.172
221,Hitschke, Tomasine,thitschke64@blogs.com,66.165.32.127
222,Regelous, Pier,pregelous65@seattletimes.com,98.49.100.46
223,Bukowski, Nicolas,nbukowski66@salon.com,3.186.161.246
224,Borles, Annie,aborles67@dion.ne.jp,69.218.9.153
225,Labrom, Delaney,dlabrom68@nsw.gov.au,199.91.165.93
226,Hartington, Theresita,thartington69@dagondesign.com,28.196.55.14
227,Wolters, Victor,vwolters6a@epa.gov,143.243.202.25
228,Biasioni, Lori,lbiasioni6b@pinterest.com,3.124.174.226
229,Dunkirk, Kania,kdunkirk6c@pbs.org,109.201.167.69
230,Kervin, Abigale,akervin6d@imgur.com,210.165.103.53
231,Hallward, Matilda,mhallward6e@studiopress.com,216.51.233.52
233,Turle, Bordie,bturle6g@cloudflare.com,36.192.160.39
234,Cocksedge, Marlane,mcocksedge6h@altervista.org,68.201.9.243
235,Plaskitt, Estella,eplaskitt6i@blogspot.com,222.91.88.62
236,Potkin, Catha,cpotkin6j@virginia.edu,180.29.1.165
237,O'Neil, Marin,moneil6k@g.co,238.221.208.83
238,Redpath, Dedie,dredpath6l@walmart.com,100.90.111.191
239,Shakelady, Wilhelmine,wshakelady6m@sciencedaily.com,54.225.195.67
240,Tanby, Lynna,ltanby6n@census.gov,88.141.53.213
241,Fareweather, Joachim,jfareweather6o@nationalgeographic.com,181.122.231.67
243,Pulhoster, Berkeley,bpulhoster6q@baidu.com,238.133.71.109
245,Saw, Walther,wsaw6s@photobucket.com,108.55.82.106
246,Jirusek, Auberta,ajirusek6t@zdnet.com,8.158.110.57
247,Manton, Jacky,jmanton6u@ft.com,128.149.208.125
248,Bosquet, Jillane,jbosquet6v@altervista.org,73.133.251.131
249,Arends, Yovonnda,yarends6w@intel.com,178.161.247.218
250,Moloney, Danita,dmoloney6x@symantec.com,178.196.63.246
251,Clouter, Ezra,eclouter6y@howstuffworks.com,229.1.79.178
253,Katte, Zelma,zkatte70@alexa.com,95.140.32.175
254,Bootes, Scarlett,sbootes71@hao123.com,251.110.107.250
255,Cottesford, Burg,bcottesford72@umn.edu,94.139.42.112
257,Patman, Davidson,dpatman74@infoseek.co.jp,87.55.152.41
258,Humphrys, Chloe,chumphrys75@trellian.com,89.210.104.12
259,Chenery, Abdel,achenery76@comcast.net,207.202.91.173
261,McDermot, Marthe,mmcdermot78@rambler.ru,204.42.243.206
263,Byer, Dulcy,dbyer7a@apache.org,226.121.172.144
264,Mintoft, Jane,jmintoft7b@studiopress.com,247.176.214.185
265,Swaden, Abbie,aswaden7c@cnbc.com,68.133.8.46
267,Tunnicliff, Brandise,btunnicliff7e@moonfruit.com,40.170.229.152
268,Curner, Aviva,acurner7f@economist.com,10.53.65.101
269,Gewer, Fran,fgewer7g@telegraph.co.uk,204.254.83.205
270,Brasner, Anallise,abrasner7h@kickstarter.com,115.59.139.60
271,Janaszkiewicz, Nikolaos,njanaszkiewicz7i@csmonitor.com,171.140.145.8
272,Hearsum, Lanita,lhearsum7j@mapquest.com,50.10.39.57
273,Folini, Olenolin,ofolini7k@noaa.gov,194.195.82.31
274,Blower, Kare,kblower7l@cargocollective.com,198.229.72.21
275,Dorrity, Berte,bdorrity7m@yellowpages.com,192.105.107.145
276,Trevaskis, Timothea,ttrevaskis7n@wordpress.com,41.234.241.9
277,Leyband, Jenilee,jleyband7o@topsy.com,20.172.34.206
278,Korneev, Marrissa,mkorneev7p@livejournal.com,249.39.50.115
279,Jouhning, Shaina,sjouhning7q@stumbleupon.com,49.185.19.175
281,Minshall, Konstantin,kminshall7s@issuu.com,170.220.41.220
282,Stubbley, Dita,dstubbley7t@princeton.edu,142.190.83.169
283,Coultar, Orrin,ocoultar7u@unblog.fr,94.150.124.14
285,Dyson, Kippy,kdyson7w@drupal.org,101.147.28.180
286,Bowness, Elfreda,ebowness7x@delicious.com,54.252.225.177
287,Piesold, Baxy,bpiesold7y@about.com,52.117.199.87
288,Clarridge, Conni,cclarridge7z@drupal.org,45.74.159.86
289,Ragborne, Shae,sragborne80@marketwatch.com,204.119.124.28
291,Kilford, Adele,akilford82@ed.gov,181.249.191.206
293,O'dell, Gabriella,godell84@google.co.uk,31.9.180.154
295,Senyard, Dorree,dsenyard86@dyndns.org,168.142.24.139
296,Avrahamy, Adiana,aavrahamy87@dailymotion.com,52.93.55.40
297,Hoyer, Keane,khoyer88@privacy.gov.au,78.190.20.101
299,Rickerby, Nadine,nrickerby8a@friendfeed.com,247.255.174.152
300,Tolman, Carol-jean,ctolman8b@mediafire.com,17.239.203.155
301,Wingeatt, Colan,cwingeatt8c@scientificamerican.com,176.164.78.173
302,Bracknell, Tessy,tbracknell8d@toplist.cz,84.172.158.97
303,Cristou, Loretta,lcristou8e@businesswire.com,209.0.31.142
305,Scarf, Keelby,kscarf8g@nasa.gov,144.224.5.251
307,Monument, Minta,mmonument8i@smugmug.com,1.155.239.153
308,Andreoletti, Clair,candreoletti8j@hhs.gov,69.46.35.21
309,Begwell, Reidar,rbegwell8k@vistaprint.com,218.4.27.225
311,Boome, Charlotte,cboome8m@taobao.com,12.87.26.243
312,Schirach, Ediva,eschirach8n@ucla.edu,173.116.225.87
313,Zuan, Thalia,tzuan8o@lycos.com,231.195.145.51
314,Clemas, Ashlie,aclemas8p@barnesandnoble.com,111.56.164.72
315,Jonah, Lynnea,ljonah8q@wiley.com,255.63.240.216
317,Marcham, Enrichetta,emarcham8s@europa.eu,240.137.148.161
318,Sollas, Allsun,asollas8t@latimes.com,88.65.238.13
319,Nutley, Collette,cnutley8u@google.com.br,20.178.177.160
321,Bafford, Lacy,lbafford8w@cyberchimps.com,246.64.158.79
323,Jereatt, Natale,njereatt8y@bloglines.com,55.133.33.128
325,Maly, Cirillo,cmaly90@nih.gov,125.27.188.4
327,Alwen, Conan,calwen92@is.gd,85.117.147.168
328,Angliss, Matteo,mangliss93@squidoo.com,137.42.41.208
329,Bente, Shelly,sbente94@so-net.ne.jp,246.150.124.232
330,Laxson, Sidonia,slaxson95@dmoz.org,30.102.174.105
331,Antuoni, Tawnya,tantuoni96@hc360.com,35.114.50.28
332,Dunbobin, Simonne,sdunbobin97@latimes.com,14.177.150.254
333,Van der Krui, Bianka,bvanderkrui98@theguardian.com,165.5.87.215
334,Boner, Juliette,jboner99@dropbox.com,228.232.33.216
335,McLaggan, Doralynn,dmclaggan9a@nymag.com,38.28.186.176
336,Le Gallo, Ashia,alegallo9b@about.me,113.83.8.59
337,Rudwell, Tyrone,trudwell9c@comcast.net,100.7.107.167
339,Tumilty, Tracey,ttumilty9e@umn.edu,36.168.94.82
340,Rotge, Inger,irotge9f@trellian.com,160.13.62.172
341,Flegg, Killy,kflegg9g@i2i.jp,236.159.87.230
342,Summerfield, Sherline,ssummerfield9h@state.gov,69.171.125.238
343,Heartfield, Aldric,aheartfield9i@diigo.com,12.4.70.117
344,Skipping, Aindrea,askipping9j@ucoz.ru,163.54.228.180
345,Wakley, Galina,gwakley9k@engadget.com,249.2.222.83
347,Titterell, Oona,otitterell9m@4shared.com,134.254.86.133
349,Heaphy, Hastie,hheaphy9o@aboutads.info,184.209.163.36
350,Strickler, Bennie,bstrickler9p@elpais.com,191.80.103.228
351,Glencrosche, Lenci,lglencrosche9q@people.com.cn,132.92.167.48
353,Pieroni, Charlotta,cpieroni9s@about.me,79.205.4.234
355,Stichel, Tyler,tstichel9u@weather.com,252.12.179.89
357,Burry, Hussein,hburry9w@intel.com,130.103.212.93
358,Jochens, Kyrstin,kjochens9x@123-reg.co.uk,121.161.209.49
359,Huggon, Nevile,nhuggon9y@java.com,219.189.3.32
360,Cleghorn, Celinda,ccleghorn9z@networkadvertising.org,60.68.44.128
361,Fulbrook, Cob,cfulbrooka0@mac.com,141.34.116.176
363,Crier, Royall,rcriera2@1688.com,140.143.125.2
364,Albany, Max,malbanya3@chicagotribune.com,18.17.240.101
365,Ewebank, Serena,sewebanka4@unc.edu,20.1.40.196
366,Skillanders, Ardyth,askillandersa5@so-net.ne.jp,23.6.80.44
367,Hughesdon, Sashenka,shughesdona6@cdbaby.com,211.96.15.65
368,Mellonby, Lauren,lmellonbya7@simplemachines.org,162.40.241.43
369,Burder, Pet,pburdera8@123-reg.co.uk,246.194.109.248
370,Hinge, Hildagard,hhingea9@mapquest.com,217.228.175.28
371,Jacklin, Kassey,kjacklinaa@multiply.com,201.141.151.96
372,Knowlden, Morley,mknowldenab@imageshack.us,43.102.18.60
373,Cusworth, Audi,acusworthac@hexun.com,185.245.253.196
375,Swalowe, Darrell,dswaloweae@google.cn,247.206.52.8
376,L' Estrange, Virginia,vlestrangeaf@ca.gov,16.192.64.29
377,Cescotti, Toddie,tcescottiag@cnet.com,103.64.163.165
378,Joynes, Joelynn,jjoynesah@biblegateway.com,247.132.37.90
379,Eyckelbeck, Tadeas,teyckelbeckai@mlb.com,154.144.224.117
381,Dutnell, Vite,vdutnellak@ebay.com,41.27.80.164
382,Crandon, Oralla,ocrandonal@sciencedirect.com,115.23.15.93
383,Sheerin, Carlyle,csheerinam@wikispaces.com,231.213.67.63
385,Nemchinov, Adelind,anemchinovao@slashdot.org,39.56.2.30
386,Tures, Melisande,mturesap@ehow.com,40.67.19.224
387,Dignall, May,mdignallaq@dailymotion.com,255.153.253.164
389,Jaffra, Lacee,ljaffraas@wisc.edu,65.28.203.250
390,Sandal, Binny,bsandalat@msn.com,197.50.55.130
391,Owttrim, Jeannette,jowttrimau@ftc.gov,95.192.76.114
392,Cox, Harmonie,hcoxav@newsvine.com,192.111.76.202
393,Woolerton, Tomas,twoolertonaw@addtoany.com,43.94.110.141
395,Lassell, Catlee,classellay@soundcloud.com,232.215.165.129
397,Brownbridge, Ingemar,ibrownbridgeb0@sbwire.com,79.215.111.50
398,Dury, Birgit,bduryb1@scientificamerican.com,135.83.154.11
399,Nafzger, Jermaine,jnafzgerb2@house.gov,147.155.13.124
400,Piggott, Chere,cpiggottb3@artisteer.com,218.89.206.41
401,Longfellow, Stephine,slongfellowb4@seattletimes.com,46.7.129.197
403,Giacobelli, Mace,mgiacobellib6@photobucket.com,194.137.73.134
405,Douse, Lonnie,ldouseb8@hc360.com,102.79.240.157
406,Passy, Lishe,lpassyb9@zdnet.com,13.123.74.177
407,Kohnert, Jordan,jkohnertba@digg.com,105.69.27.205
408,Allcroft, Kirbie,kallcroftbb@mapy.cz,127.142.164.221
409,Kingsnoad, Malory,mkingsnoadbc@addthis.com,24.103.133.203
411,Eyes, Aubrie,aeyesbe@tinypic.com,185.134.221.19
412,Mill, Errick,emillbf@blog.com,200.106.13.217
413,Heinemann, Adora,aheinemannbg@imageshack.us,14.198.103.190
415,Romaines, Genna,gromainesbi@ning.com,116.102.192.195
416,Glenton, Tierney,tglentonbj@blogs.com,86.148.2.121
417,Scamerdine, Julia,jscamerdinebk@hibu.com,73.52.51.161
419,O'Crigane, Sammie,socriganebm@simplemachines.org,208.208.27.7
421,Blakeborough, Pepito,pblakeboroughbo@blogger.com,101.20.99.176
422,Isted, Nan,nistedbp@oracle.com,154.74.212.230
423,Letertre, Cyndia,cletertrebq@shop-pro.jp,197.86.18.154
424,Kimbell, Wilona,wkimbellbr@simplemachines.org,148.172.129.176
425,Quartermaine, Julina,jquartermainebs@posterous.com,204.150.150.49
427,Yorath, Martelle,myorathbu@mac.com,8.42.131.224
428,Drance, Caitrin,cdrancebv@cloudflare.com,240.161.228.179
429,Piggott, Wynn,wpiggottbw@ning.com,90.229.251.192
430,Bearcock, Gena,gbearcockbx@i2i.jp,132.72.191.179
431,Sadler, Jereme,jsadlerby@squidoo.com,168.33.44.230
432,Widdall, Elicia,ewiddallbz@nytimes.com,32.51.207.228
433,Skews, Brooks,bskewsc0@flavors.me,12.224.139.15
434,Pemberton, Bliss,bpembertonc1@sun.com,104.95.162.38
435,Berens, Missie,mberensc2@geocities.jp,250.12.186.16
437,Ridhole, Cole,cridholec4@hexun.com,12.117.94.111
439,Lugsdin, Terrance,tlugsdinc6@discovery.com,227.58.126.233
441,Flores, Ray,rfloresc8@nifty.com,238.212.49.179
442,Goodier, Elvina,egoodierc9@cbc.ca,156.116.27.214
443,Winspear, Terence,twinspearca@pagesperso-orange.fr,106.110.57.138
445,Alywen, Renault,ralywencc@phoca.cz,154.163.193.69
446,McKirdy, Nerte,nmckirdycd@apple.com,6.239.126.200
447,Klus, Geoffry,gklusce@hao123.com,112.156.204.143
448,Cornau, Laraine,lcornaucf@github.com,18.151.242.121
449,Kerins, Pace,pkerinscg@bandcamp.com,167.223.251.148
450,Croston, Cindy,ccrostonch@altervista.org,172.215.36.126
451,Hulks, Merrily,mhulksci@domainmarket.com,50.0.207.198
453,Lathaye, Kelby,klathayeck@prlog.org,75.14.240.203
454,Passingham, Mirabel,mpassinghamcl@sciencedirect.com,192.124.248.206
455,Hows, Saidee,showscm@blog.com,47.136.78.3
457,Le Ball, Dyanna,dleballco@opera.com,15.108.188.63
459,Symson, Enoch,esymsoncq@stanford.edu,109.134.174.203
461,Barstow, Lari,lbarstowcs@flickr.com,170.97.6.199
462,MacGahey, Denise,dmacgaheyct@mysql.com,130.28.39.237
463,Simkins, Evangelina,esimkinscu@joomla.org,195.235.239.239
465,Chevis, Gino,gcheviscw@rambler.ru,83.185.129.84
466,Nuzzetti, Uta,unuzzetticx@usda.gov,142.209.19.205
467,Battisson, Ashby,abattissoncy@sbwire.com,119.152.143.18
469,Thying, Cale,cthyingd0@webnode.com,134.243.101.74
471,Ickovits, Minna,mickovitsd2@hugedomains.com,74.162.211.243
473,Spens, Christiana,cspensd4@icq.com,159.41.81.220
474,Treadgall, Ardra,atreadgalld5@myspace.com,186.24.251.121
475,Genner, Abbye,agennerd6@phpbb.com,47.241.149.188
476,Emery, Chrissie,cemeryd7@a8.net,57.254.40.49
477,Euler, Tim,teulerd8@ox.ac.uk,109.249.186.222
478,Simmonett, Janeczka,jsimmonettd9@arstechnica.com,228.94.213.90
479,Eldrid, Tybalt,teldridda@hatena.ne.jp,55.253.79.123
481,Strafen, Malcolm,mstrafendc@ucoz.ru,201.29.93.114
483,Zorzutti, Uri,uzorzuttide@plala.or.jp,161.173.68.238
484,Denes, Leelah,ldenesdf@dell.com,47.135.252.46
485,Ogus, Ly,logusdg@yahoo.com,246.39.156.75
486,Nisius, Romola,rnisiusdh@webs.com,133.208.131.156
487,Frushard, Lukas,lfrusharddi@sitemeter.com,188.12.226.167
489,Charter, Bertina,bcharterdk@t.co,167.169.12.167
490,Terrill, Mariejeanne,mterrilldl@php.net,189.224.27.250
491,Dewitt, Barny,bdewittdm@tmall.com,232.163.168.165
493,Rosenwald, Rhodia,rrosenwalddo@geocities.com,162.66.6.119
494,Curteis, Vinita,vcurteisdp@msu.edu,235.9.78.30
495,Rowbrey, Marci,mrowbreydq@jugem.jp,28.58.30.86
496,Delaprelle, Linzy,ldelaprelledr@walmart.com,161.98.177.30
497,Holgan, My,mholgands@hao123.com,164.153.169.125
499,Borzoni, Candide,cborzonidu@imgur.com,156.150.236.163
501,Sketch, Sebastiano,ssketchdw@godaddy.com,220.202.185.167
503,Furmston, Renaldo,rfurmstondy@prnewswire.com,202.117.153.159
504,Itzhaki, Berthe,bitzhakidz@theatlantic.com,172.51.52.145
505,Laviss, Neddy,nlavisse0@quantcast.com,153.186.130.72
506,Smoth, Agretha,asmothe1@msu.edu,20.88.37.1
507,Cockerell, Eleonore,ecockerelle2@privacy.gov.au,223.63.123.134
509,Hagland, Christyna,chaglande4@xrea.com,142.121.42.12
510,Toope, Cristie,ctoopee5@prweb.com,21.196.142.91
511,Boundey, Fidelio,fboundeye6@unblog.fr,158.3.232.234
512,Dulson, Sheree,sdulsone7@arstechnica.com,213.129.58.24
513,Bosomworth, Jemimah,jbosomworthe8@yolasite.com,211.37.144.140
515,Tedder, Artemas,atedderea@weather.com,123.170.227.198
516,Phillipp, Dalenna,dphillippeb@cnet.com,57.172.150.201
517,Arnoult, Cart,carnoultec@ehow.com,37.87.184.86
518,Hunstone, Donnell,dhunstoneed@tripadvisor.com,189.245.233.93
519,Stonelake, Gabe,gstonelakeee@aboutads.info,202.141.42.162
521,Northage, Kareem,knorthageeg@comcast.net,105.17.72.224
522,Hembery, Selia,shemberyeh@washingtonpost.com,136.190.255.41
523,de Villier, Sigfried,sdevillierei@lulu.com,134.20.241.224
524,Comettoi, Wenona,wcomettoiej@artisteer.com,57.137.255.31
525,Sabathier, Godfree,gsabathierek@china.com.cn,152.189.115.236
526,Joskovitch, Steffie,sjoskovitchel@aol.com,168.141.159.126
527,Painter, Raine,rpainterem@unesco.org,211.57.135.215
528,Legg, Dorise,dleggen@printfriendly.com,122.221.21.233
529,Pym, Chickie,cpymeo@mayoclinic.com,81.113.86.248
531,Honig, Kelly,khonigeq@seattletimes.com,67.246.39.212
532,Jancy, Lucila,ljancyer@ucoz.com,6.15.245.8
533,Stoffel, Elwood,estoffeles@mail.ru,206.233.115.104
535,Winkless, Tobey,twinklesseu@answers.com,161.87.161.225
537,Bircher, Odette,obircherew@epa.gov,229.18.80.149
538,Mancktelow, Natalya,nmancktelowex@joomla.org,48.21.62.220
539,Tolworth, Brockie,btolworthey@shareasale.com,151.36.233.183
541,Dibben, Susann,sdibbenf0@kickstarter.com,69.33.78.123
542,Jowitt, Delores,djowittf1@gov.uk,122.220.183.224
543,Halsworth, Eddy,ehalsworthf2@archive.org,158.111.172.180
544,Theakston, Fiann,ftheakstonf3@altervista.org,249.167.19.199
545,Kybird, Angelina,akybirdf4@nsw.gov.au,235.158.251.231
546,De Cruze, Debor,ddecruzef5@nationalgeographic.com,162.25.21.195
547,Dabbes, Hedwiga,hdabbesf6@intel.com,42.127.135.44
548,Tesche, Judith,jteschef7@alibaba.com,69.34.127.115
549,Minogue, Gerick,gminoguef8@usatoday.com,22.147.57.115
551,Huffy, Sharlene,shuffyfa@seattletimes.com,213.98.129.1
552,Fitzsimon, Rina,rfitzsimonfb@google.co.jp,57.119.3.109
553,Rook, Junie,jrookfc@irs.gov,143.128.87.11
554,Aylmer, Danielle,daylmerfd@microsoft.com,235.121.149.69
555,Spaducci, Riane,rspaduccife@yellowpages.com,130.186.201.255
556,McGray, Lorianne,lmcgrayff@si.edu,51.253.148.129
557,Noton, Bentley,bnotonfg@skyrock.com,49.106.194.234
558,Wybrew, Claudette,cwybrewfh@meetup.com,154.71.89.29
559,Nendick, Terrell,tnendickfi@photobucket.com,9.41.81.81
561,Schuster, Joya,jschusterfk@indiegogo.com,250.211.63.91
562,Humbell, Brigitte,bhumbellfl@newyorker.com,253.138.161.158
563,Jurasz, Rochell,rjuraszfm@nationalgeographic.com,185.23.34.167
565,Dobney, Correna,cdobneyfo@goo.ne.jp,241.33.170.78
566,Clilverd, Janeta,jclilverdfp@dagondesign.com,129.89.42.159
567,Bernhart, Matthias,mbernhartfq@photobucket.com,113.137.239.182
569,Burns, Callida,cburnsfs@prweb.com,28.87.89.71
570,Melladew, Barb,bmelladewft@myspace.com,79.77.20.129
571,Arnoldi, Sondra,sarnoldifu@google.pl,210.243.192.178
573,Chazerand, Dewitt,dchazerandfw@intel.com,32.11.216.184
574,Satchell, Isabella,isatchellfx@printfriendly.com,185.73.222.127
575,Dismore, Huberto,hdismorefy@cocolog-nifty.com,28.181.38.140
576,Anniwell, Tonya,tanniwellfz@delicious.com,185.51.126.232
577,Ruler, Moira,mrulerg0@umn.edu,199.247.252.196
578,Domesday, Virgie,vdomesdayg1@blog.com,181.176.79.194
579,Brownsmith, Bettye,bbrownsmithg2@hibu.com,84.150.241.27
581,Whybray, Maryjane,mwhybrayg4@hibu.com,68.157.6.16
582,Dudman, Robyn,rdudmang5@printfriendly.com,34.191.125.206
583,Woodwin, Timotheus,twoodwing6@live.com,105.44.44.129
584,Jandak, Odetta,ojandakg7@narod.ru,49.172.18.145
585,Lugg, Lazare,lluggg8@facebook.com,170.226.123.135
586,Swatheridge, Gwenore,gswatheridgeg9@yellowbook.com,35.206.133.95
587,Benez, Rudd,rbenezga@prlog.org,72.14.61.72
588,Allibon, Karilynn,kallibongb@devhub.com,220.18.184.53
589,Sheehan, Ravi,rsheehangc@buzzfeed.com,54.4.197.160
590,Shelmardine, Anabal,ashelmardinegd@tumblr.com,117.255.187.36
591,Morse, Ruggiero,rmorsege@ft.com,72.20.158.210
592,Maskell, Stefania,smaskellgf@zdnet.com,206.70.137.131
593,Von Salzberg, Coop,cvonsalzberggg@bluehost.com,4.152.246.193
595,Dupoy, Evin,edupoygi@meetup.com,119.182.96.159
596,Orring, Reyna,rorringgj@icio.us,78.35.28.176
597,Verey, Ripley,rvereygk@indiatimes.com,62.252.2.118
599,Tibald, Derek,dtibaldgm@pcworld.com,206.179.247.221
600,Castaneda, Stevana,scastanedagn@shareasale.com,202.135.117.105
601,Brownhill, Trude,tbrownhillgo@amazon.com,212.130.191.93
602,Ambrosch, Elora,eambroschgp@berkeley.edu,140.200.161.29
603,Burgum, Minette,mburgumgq@pen.io,66.37.15.91
604,Scammell, Kendra,kscammellgr@51.la,155.0.237.235
605,Stampe, Jo ann,jstampegs@woothemes.com,227.26.153.102
607,Hovie, Zulema,zhoviegu@kickstarter.com,194.151.115.153
608,Madine, Bert,bmadinegv@163.com,100.139.241.226
609,Bruhnsen, Cristabel,cbruhnsengw@netscape.com,201.218.185.202
611,Delbergue, Corette,cdelberguegy@tinypic.com,137.177.112.58
613,Moloney, Josefa,jmoloneyh0@ebay.com,21.113.163.47
614,Abrams, Karlie,kabramsh1@tmall.com,169.90.26.113
615,Jancey, Giselbert,gjanceyh2@cpanel.net,104.115.116.215
617,Croson, Jordan,jcrosonh4@blog.com,248.7.138.62
619,Cicconettii, Andra,acicconettiih6@gnu.org,162.34.70.102
620,Ferrieres, Lorine,lferrieresh7@discuz.net,139.209.6.63
621,MacKegg, Chlo,cmackeggh8@mozilla.com,127.172.0.76
623,Streeting, Pascale,pstreetingha@amazon.co.jp,246.58.106.199
624,Grzeszczyk, Kirstyn,kgrzeszczykhb@ebay.com,62.214.166.179
625,Keford, Trudie,tkefordhc@youtu.be,224.69.44.50
627,Wybrew, Farica,fwybrewhe@telegraph.co.uk,242.113.47.150
629,Baal, Wendall,wbaalhg@cpanel.net,23.195.72.145
630,Sidnall, Sidnee,ssidnallhh@cloudflare.com,110.10.154.98
631,Prandoni, Calla,cprandonihi@squarespace.com,35.150.139.94
633,Hockey, Junie,jhockeyhk@icq.com,122.215.182.87
634,Riddles, Siana,sriddleshl@boston.com,213.85.209.59
635,Hardes, Aldrich,ahardeshm@hubpages.com,94.182.78.229
637,Petters, Dolf,dpettersho@ftc.gov,49.238.5.146
639,McGunley, Tito,tmcgunleyhq@smugmug.com,49.89.157.179
641,Diver, Christy,cdiverhs@icio.us,137.180.16.166
643,Simants, Bartholomew,bsimantshu@usatoday.com,121.22.189.37
645,Londesborough, Cad,clondesboroughhw@msu.edu,214.189.227.166
647,Swindles, Kennan,kswindleshy@indiegogo.com,231.211.160.83
648,Andrioni, Meris,mandrionihz@storify.com,158.28.75.42
649,Harper, Lew,lharperi0@geocities.com,5.250.112.250
650,Lovelock, Cordey,clovelocki1@pen.io,241.99.152.71
651,Dunbavin, Ange,adunbavini2@shinystat.com,120.102.28.154
653,Condon, Clementius,ccondoni4@telegraph.co.uk,28.247.21.206
654,MacAllen, Tamma,tmacalleni5@4shared.com,164.206.81.83
655,Caughtry, Margeaux,mcaughtryi6@google.nl,138.85.46.47
657,Burkinshaw, Englebert,eburkinshawi8@discovery.com,196.22.81.234
659,Wyllcock, Nahum,nwyllcockia@si.edu,148.209.210.222
660,Sponer, Meredith,msponerib@economist.com,171.249.19.59
661,Eicheler, Marjory,meicheleric@mail.ru,112.98.29.99
662,Banbury, Sonya,sbanburyid@ucoz.com,243.208.1.235
663,St. Aubyn, Rey,rstaubynie@google.cn,11.12.107.239
665,Clevely, Rakel,rclevelyig@free.fr,65.225.167.105
666,Blaxall, Cassey,cblaxallih@linkedin.com,151.236.84.6
667,Risebrow, Erinna,erisebrowii@time.com,44.179.147.71
668,Killcross, Lorrie,lkillcrossij@issuu.com,55.248.245.238
669,Sudron, Yalonda,ysudronik@addtoany.com,228.0.10.85
670,Whittock, Brenn,bwhittockil@alexa.com,225.87.85.215
671,McBain, Killy,kmcbainim@google.co.uk,110.87.31.142
672,Peach, Matilde,mpeachin@wix.com,226.65.232.78
673,Toffaloni, Ellyn,etoffaloniio@photobucket.com,32.132.24.97
675,Riding, Emylee,eridingiq@indiegogo.com,125.130.113.6
676,Prebble, Aveline,aprebbleir@sogou.com,66.215.146.106
677,Jeduch, Moll,mjeduchis@examiner.com,4.218.22.124
678,Brew, Tonya,tbrewit@behance.net,187.99.16.122
679,Faulds, Koral,kfauldsiu@barnesandnoble.com,103.54.145.234
681,Oyley, Quintus,qoyleyiw@ameblo.jp,77.10.87.94
683,Stonard, Fae,fstonardiy@constantcontact.com,62.54.32.175
684,Whitford, Dale,dwhitfordiz@wix.com,97.246.66.253
685,Winnett, Marlane,mwinnettj0@hexun.com,151.52.248.134
686,Raimbauld, Tessa,traimbauldj1@jiathis.com,212.52.167.203
687,Bauldrey, Olivero,obauldreyj2@vinaora.com,61.47.95.19
688,Aggett, Vitia,vaggettj3@cpanel.net,129.230.98.196
689,Imlacke, Olivia,oimlackej4@51.la,87.207.153.80
691,Mixer, Gae,gmixerj6@oakley.com,67.44.190.149
693,Kedwell, Emerson,ekedwellj8@yahoo.co.jp,94.54.36.4
695,Woolway, Byran,bwoolwayja@networksolutions.com,5.20.11.8
697,Laviss, Leonore,llavissjc@who.int,158.107.37.80
698,Trewhella, Sile,strewhellajd@creativecommons.org,102.95.45.131
699,Flowerden, Merrili,mflowerdenje@amazon.de,213.190.242.74
700,Hanaby, Kate,khanabyjf@rediff.com,253.209.251.166
701,Keavy, Ilsa,ikeavyjg@answers.com,161.162.143.139
703,Matysiak, Tyrone,tmatysiakji@wikipedia.org,92.148.135.214
704,Preskett, Pip,ppreskettjj@webeden.co.uk,173.79.167.30
705,Spearing, Rurik,rspearingjk@chicagotribune.com,247.236.218.240
706,Okill, Constanta,cokilljl@goo.ne.jp,221.249.89.248
707,Radmore, Lucine,lradmorejm@bbb.org,120.10.143.70
709,Ellingham, Goldie,gellinghamjo@youtu.be,3.121.134.52
710,Batstone, Emmaline,ebatstonejp@moonfruit.com,169.5.195.203
711,Etuck, Donielle,detuckjq@squidoo.com,197.98.167.128
713,Yurchishin, Rivalee,ryurchishinjs@t.co,9.197.249.158
715,Habbershon, Rowan,rhabbershonju@dedecms.com,62.3.246.147
716,Camplejohn, Sibyl,scamplejohnjv@devhub.com,180.13.62.57
717,Dethloff, Shelia,sdethloffjw@europa.eu,43.184.225.190
719,Longford, Denny,dlongfordjy@constantcontact.com,183.226.9.1
721,Flahy, Phaedra,pflahyk0@wired.com,188.218.225.38
722,Lovell, Carny,clovellk1@posterous.com,247.137.92.203
723,Goodacre, Nichole,ngoodacrek2@zimbio.com,3.216.5.199
724,Kynvin, Darya,dkynvink3@xinhuanet.com,188.220.216.187
725,Gooderidge, Haskel,hgooderidgek4@imdb.com,183.155.49.230
727,Peete, Sherline,speetek6@umn.edu,77.43.246.199
729,Cretney, Lionello,lcretneyk8@dailymotion.com,8.101.224.65
730,Abbie, Adriane,aabbiek9@oaic.gov.au,76.136.5.16
731,Goare, Leann,lgoareka@flavors.me,212.90.60.47
732,Thorndycraft, Skipp,sthorndycraftkb@hexun.com,185.124.188.37
733,Grout, Sallee,sgroutkc@springer.com,92.207.50.72
734,MacKimm, Arman,amackimmkd@photobucket.com,69.219.136.47
735,Bewshire, Marcie,mbewshireke@google.cn,69.202.199.90
737,McGavin, Romonda,rmcgavinkg@gmpg.org,40.47.76.46
739,Geaney, Wadsworth,wgeaneyki@marriott.com,108.86.29.48
741,Leafe, Analiese,aleafekk@rambler.ru,157.61.117.138
743,Sima, Charissa,csimakm@studiopress.com,135.101.35.212
745,Egdale, Karil,kegdaleko@newyorker.com,66.46.85.84
747,Van Halen, Louise,lvanhalenkq@barnesandnoble.com,135.6.194.74
748,Algore, Alicea,aalgorekr@utexas.edu,55.163.139.45
749,Jacquemot, Johnna,jjacquemotks@kickstarter.com,9.187.65.182
750,Crawshay, Fannie,fcrawshaykt@mac.com,25.112.26.217
751,Pennick, Jamesy,jpennickku@mtv.com,198.253.123.139
753,Gozzard, Erl,egozzardkw@stanford.edu,34.174.101.108
754,Beamand, Jillene,jbeamandkx@altervista.org,141.141.135.5
755,Mattioli, Biron,bmattioliky@fotki.com,191.70.123.102
757,Zannolli, Gus,gzannollil0@51.la,86.112.68.125
759,Pardoe, Daisi,dpardoel2@prweb.com,22.95.45.250
760,Piechnik, Mattie,mpiechnikl3@hhs.gov,99.40.64.74
761,Genever, Adelina,ageneverl4@gmpg.org,142.254.73.134
763,Sainthill, Donaugh,dsainthilll6@hao123.com,195.133.204.151
765,Wedge, Keri,kwedgel8@princeton.edu,226.27.6.202
766,Spacy, Ernestine,espacyl9@prnewswire.com,146.232.28.238
767,Sans, Kev,ksansla@walmart.com,153.176.150.53
769,Toma, Joell,jtomalc@usa.gov,29.62.171.197
771,Vaen, Lian,lvaenle@constantcontact.com,193.210.132.96
773,Laffan, Ely,elaffanlg@qq.com,41.208.240.204
775,Houlson, Alejoa,ahoulsonli@trellian.com,29.126.23.250
776,Snoddon, Carlee,csnoddonlj@state.tx.us,162.1.252.22
777,Pinkard, Nichol,npinkardlk@e-recht24.de,150.65.87.232
779,Kinahan, Theresita,tkinahanlm@umn.edu,49.149.47.57
781,Runham, Kristoforo,krunhamlo@theguardian.com,254.42.126.222
783,McIlhatton, Stan,smcilhattonlq@deviantart.com,18.114.200.238
785,Bullin, Palm,pbullinls@imageshack.us,181.227.57.111
786,Hernik, Marillin,mherniklt@xinhuanet.com,18.74.188.250
787,Pellitt, Joachim,jpellittlu@biglobe.ne.jp,185.53.13.78
789,Hufton, Levin,lhuftonlw@bluehost.com,254.202.253.99
790,Schwier, Debi,dschwierlx@google.cn,207.151.192.209
791,Waison, Luella,lwaisonly@cloudflare.com,118.60.111.5
792,Klosterman, Ceil,cklostermanlz@twitter.com,245.167.208.174
793,Cicchillo, Wilden,wcicchillom0@clickbank.net,42.254.92.148
794,Haug, Arlyn,ahaugm1@com.com,135.142.71.253
795,Godain, Minda,mgodainm2@walmart.com,143.241.253.248
796,Dofty, Lev,ldoftym3@sakura.ne.jp,75.183.33.121
797,Becks, Esme,ebecksm4@istockphoto.com,86.241.27.30
798,Cohrs, Cristal,ccohrsm5@biblegateway.com,170.255.111.196
799,Wilacot, Gwennie,gwilacotm6@tiny.cc,19.100.189.58
800,Reddish, Peggy,preddishm7@xing.com,23.111.246.142
801,Mordacai, Ben,bmordacaim8@harvard.edu,178.223.211.97
802,Benyon, Lenore,lbenyonm9@google.com.au,142.122.132.20
803,Freyne, Cordie,cfreynema@github.com,42.24.154.196
804,Wickersham, Aurel,awickershammb@4shared.com,14.84.80.102
805,Gandley, Catlin,cgandleymc@discuz.net,230.18.7.29
806,Christofor, Analise,achristoformd@hud.gov,72.153.38.50
807,Wyvill, Anitra,awyvillme@irs.gov,233.184.135.92
809,Murfill, Pierson,pmurfillmg@dion.ne.jp,166.96.236.31
810,Briand, Grazia,gbriandmh@xinhuanet.com,76.61.141.129
811,Anslow, Gwenny,ganslowmi@usatoday.com,125.198.36.159
812,Gerhartz, Charmian,cgerhartzmj@sbwire.com,13.193.247.150
813,Mitkcov, Ardelia,amitkcovmk@slashdot.org,45.22.223.119
814,Lob, Roxine,rlobml@auda.org.au,126.26.159.50
815,Woloschinski, Ermin,ewoloschinskimm@reddit.com,243.91.105.198
816,MacRanald, Marnia,mmacranaldmn@nyu.edu,16.48.153.194
817,Kilfeder, Grace,gkilfedermo@xrea.com,79.105.210.25
818,Gambie, Ailyn,agambiemp@ed.gov,11.62.44.60
819,Taphouse, Bunnie,btaphousemq@zimbio.com,196.164.135.197
820,Treversh, Calypso,ctrevershmr@sitemeter.com,15.132.82.61
821,Stovin, Yetty,ystovinms@nydailynews.com,105.194.171.243
823,Emmett, Aida,aemmettmu@ebay.co.uk,177.26.248.19
825,Sunock, Midge,msunockmw@naver.com,232.226.66.180
826,Liggett, Lynne,lliggettmx@aboutads.info,231.158.73.152
827,Hovy, Addi,ahovymy@digg.com,89.17.40.90
828,Pawlowicz, Martha,mpawlowiczmz@vimeo.com,79.28.54.143
829,McLay, Hi,hmclayn0@macromedia.com,94.14.51.206
831,Joney, Norbie,njoneyn2@pen.io,237.81.144.176
833,Kelsell, Patrizius,pkelselln4@1und1.de,8.128.185.90
834,Dartnell, Babara,bdartnelln5@unicef.org,250.102.70.140
835,Mitchenson, Grady,gmitchensonn6@taobao.com,204.42.250.163
836,Vila, Anthiathia,avilan7@state.tx.us,121.32.21.156
837,Dinnington, Reinold,rdinningtonn8@toplist.cz,81.18.254.71
838,Petris, Colly,cpetrisn9@shop-pro.jp,228.171.222.41
839,Alchin, Davey,dalchinna@archive.org,12.8.169.249
840,Philbin, Leesa,lphilbinnb@vkontakte.ru,241.107.149.54
841,Stealy, Chip,cstealync@wikia.com,92.60.118.32
843,Tomas, Darnall,dtomasne@qq.com,116.233.125.40
844,Edelmann, Elysha,eedelmannnf@symantec.com,115.101.206.36
845,Kirwan, Babette,bkirwanng@blog.com,210.31.175.66
846,Regi, Kelsi,kreginh@si.edu,115.227.35.29
847,Spaldin, Kerry,kspaldinni@ucsd.edu,72.190.222.237
849,Chadband, Mortimer,mchadbandnk@mediafire.com,229.93.180.183
850,Gilyott, Maxie,mgilyottnl@skype.com,47.191.67.113
851,Spooner, Bobbi,bspoonernm@aboutads.info,168.62.120.83
853,Bonicelli, Wanids,wbonicellino@jalbum.net,239.138.75.227
855,Iannitti, Ryon,riannittinq@storify.com,166.5.143.144
856,Scimone, Sheilah,sscimonenr@ihg.com,32.244.111.51
857,Huffadine, Konstance,khuffadinens@mac.com,160.109.43.60
858,Baytrop, Karlene,kbaytropnt@mtv.com,136.31.158.138
859,Bunt, Flor,fbuntnu@wordpress.org,105.189.143.122
860,Paddy, Suzann,spaddynv@upenn.edu,58.64.132.50
861,Varran, Dode,dvarrannw@admin.ch,222.215.130.243
862,Howle, Delphine,dhowlenx@blinklist.com,44.206.58.67
863,Swiffin, Valaree,vswiffinny@chronoengine.com,137.32.123.91
864,Drance, Sylvan,sdrancenz@whitehouse.gov,27.22.243.204
865,Ailsbury, Lynett,lailsburyo0@google.cn,108.163.51.35
866,Houndson, Tani,thoundsono1@sfgate.com,57.82.70.36
867,Cecil, Tann,tcecilo2@last.fm,78.239.203.152
868,Orange, Cherise,corangeo3@usgs.gov,128.243.133.7
869,Ewenson, Quill,qewensono4@google.pl,92.209.85.99
871,Mochar, Adelaide,amocharo6@bing.com,9.244.201.69
873,Ritchings, Mercy,mritchingso8@vistaprint.com,16.202.98.88
874,Colebourn, Michelle,mcolebourno9@loc.gov,24.18.106.93
875,McIlrath, Alexis,amcilrathoa@ocn.ne.jp,8.36.241.175
876,Toma, Roshelle,rtomaob@exblog.jp,102.115.105.146
877,Vampouille, Trey,tvampouilleoc@hibu.com,139.224.44.150
878,Buyers, Annabell,abuyersod@stanford.edu,203.182.96.162
879,Clayfield, Katerine,kclayfieldoe@un.org,79.249.3.251
880,Lynett, Leandra,llynettof@stumbleupon.com,180.212.121.78
881,Gilberthorpe, Binnie,bgilberthorpeog@phoca.cz,33.202.10.60
882,Clines, Estelle,eclinesoh@amazon.co.jp,161.193.68.226
883,Eastway, Wandis,weastwayoi@biblegateway.com,183.68.113.219
885,Le Pruvost, Roderich,rlepruvostok@t-online.de,245.187.191.90
886,Brewett, Maribel,mbrewettol@cargocollective.com,29.110.179.120
887,Benallack, Merissa,mbenallackom@t.co,30.209.128.44
889,Dossantos, Valentine,vdossantosoo@networkadvertising.org,201.138.125.43
890,Chatainier, Kip,kchatainierop@netvibes.com,51.172.181.116
891,Prothero, Fielding,fprotherooq@google.es,251.48.158.164
893,Dodsley, Ced,cdodsleyos@baidu.com,34.156.128.187
894,Imlock, Adara,aimlockot@foxnews.com,192.223.202.163
895,Eplate, Rosalynd,replateou@wired.com,205.161.67.9
897,Fransson, Chloris,cfranssonow@hp.com,245.115.47.249
898,Fosher, Eugenia,efosherox@symantec.com,44.245.35.217
899,Negus, Shelly,snegusoy@japanpost.jp,21.246.222.43
900,Assard, April,aassardoz@surveymonkey.com,107.91.198.52
901,Joannic, Marcelle,mjoannicp0@ihg.com,3.173.69.180
902,Syde, Cassandry,csydep1@java.com,105.178.181.128
903,Bynold, Chelsea,cbynoldp2@nba.com,93.255.74.202
904,Fursse, Alfy,afurssep3@ft.com,75.197.188.135
905,Cowlam, Zedekiah,zcowlamp4@slate.com,59.2.98.77
906,Durning, Annalise,adurningp5@umich.edu,25.170.20.33
907,Pendell, Godart,gpendellp6@about.com,183.142.129.72
909,Gabbitis, Louisa,lgabbitisp8@bbc.co.uk,106.101.64.9
910,Tybalt, Querida,qtybaltp9@mapy.cz,109.79.155.28
911,Davidou, Wilbert,wdavidoupa@nasa.gov,14.2.245.152
912,Tomasik, Fidelia,ftomasikpb@mail.ru,48.74.241.18
913,Playfoot, Benjamen,bplayfootpc@behance.net,244.93.95.77
915,Durdy, Baryram,bdurdype@wikimedia.org,133.210.43.151
917,Tolcharde, Onofredo,otolchardepg@discuz.net,76.92.203.25
918,Hethron, Arley,ahethronph@ebay.co.uk,104.7.253.142
919,Stoyle, Harlie,hstoylepi@hatena.ne.jp,27.125.121.203
920,Le Marchand, Lidia,llemarchandpj@webeden.co.uk,54.131.111.6
921,Gaynor, Erl,egaynorpk@over-blog.com,214.138.75.201
923,Fusedale, Mersey,mfusedalepm@archive.org,182.167.214.76
924,Klawi, Maire,mklawipn@tinypic.com,133.156.224.5
925,Litherborough, Lockwood,llitherboroughpo@unicef.org,79.183.3.14
926,Chattington, Libby,lchattingtonpp@about.me,106.188.144.27
927,Najafian, Kally,knajafianpq@xinhuanet.com,247.152.109.65
928,Grimley, Nada,ngrimleypr@bigcartel.com,10.211.206.104
929,Aubray, Brander,baubrayps@bigcartel.com,129.158.205.104
930,Yerborn, Gustie,gyerbornpt@oracle.com,216.201.145.159
931,Worsall, Lenka,lworsallpu@cpanel.net,46.65.54.162
933,Mussared, Jon,jmussaredpw@archive.org,183.235.124.218
935,Buckam, Skippy,sbuckampy@yale.edu,213.253.187.152
937,Ghost, Urban,ughostq0@google.de,107.163.207.87
938,Carvill, Lesli,lcarvillq1@mlb.com,183.12.85.138
939,Wyllie, Renell,rwyllieq2@weebly.com,156.32.32.71
940,Vallintine, Constantine,cvallintineq3@umich.edu,7.210.106.3
941,Incogna, Zebulen,zincognaq4@privacy.gov.au,140.243.196.232
943,Growcott, Monah,mgrowcottq6@edublogs.org,55.224.31.231
945,Jatczak, Talbot,tjatczakq8@goo.gl,131.229.220.165
947,Swadlin, Keen,kswadlinqa@ucoz.com,118.194.91.38
949,Tebbit, Verile,vtebbitqc@vk.com,194.5.200.221
951,Bennike, Nickolas,nbennikeqe@examiner.com,144.24.132.146
952,Crouch, Kelsey,kcrouchqf@wsj.com,65.164.241.185
953,Simnell, Lauree,lsimnellqg@merriam-webster.com,114.134.254.44
954,Marcombe, Mercedes,mmarcombeqh@printfriendly.com,62.212.104.204
955,Southgate, Rosaleen,rsouthgateqi@alexa.com,118.185.249.190
956,Graundisson, Nan,ngraundissonqj@squarespace.com,116.199.102.171
957,Yatman, Ignacius,iyatmanqk@google.cn,114.118.110.61
959,Fetters, Davey,dfettersqm@nifty.com,56.248.228.219
961,Joscelin, Lazaro,ljoscelinqo@pen.io,103.57.161.187
962,Gowen, Lauraine,lgowenqp@lycos.com,59.71.244.250
963,Bartholomew, Amity,abartholomewqq@huffingtonpost.com,164.44.117.183
965,Mitchelmore, Ethelyn,emitchelmoreqs@addtoany.com,145.112.142.130
966,Sallings, Allene,asallingsqt@nature.com,31.189.244.75
967,Kentwell, Bianka,bkentwellqu@tinypic.com,184.204.88.35
969,McGeffen, Arlen,amcgeffenqw@nih.gov,218.64.17.171
971,Davenall, Meagan,mdavenallqy@bandcamp.com,116.92.199.199
972,MacParland, Rona,rmacparlandqz@answers.com,34.134.204.210
973,Hynson, Moises,mhynsonr0@businessinsider.com,81.8.77.101
975,Krikorian, Elysee,ekrikorianr2@freewebs.com,28.163.95.25
977,Buxcy, Perceval,pbuxcyr4@goodreads.com,35.76.160.18
978,Ault, Colene,caultr5@digg.com,33.62.15.122
979,Winser, Coleen,cwinserr6@youtu.be,236.181.82.14
980,Eads, Estrella,eeadsr7@nsw.gov.au,156.1.16.50
981,Lethbury, Benton,blethburyr8@buzzfeed.com,101.2.53.114
983,Mundford, Roana,rmundfordra@engadget.com,218.164.43.209
984,Manolov, Ajay,amanolovrb@topsy.com,163.77.155.194
985,Copnall, Kalle,kcopnallrc@macromedia.com,99.35.79.65
986,Ellerey, Carissa,cellereyrd@wikia.com,66.187.209.16
987,Ambroz, Rustie,rambrozre@twitter.com,163.154.220.122
989,Sutherel, Winona,wsutherelrg@mapy.cz,113.183.111.128
990,Obbard, Nelly,nobbardrh@sohu.com,184.45.48.88
991,Kenningham, Farlay,fkenninghamri@soundcloud.com,154.208.151.3
992,Wilshere, Sophie,swilshererj@smh.com.au,228.11.52.105
993,Barbour, Noni,nbarbourrk@smh.com.au,229.240.74.119
994,Matuszewski, Bernadina,bmatuszewskirl@ustream.tv,65.149.108.124
995,De la Perrelle, Guenna,gdelaperrellerm@wix.com,132.44.214.51
997,Satcher, Derrik,dsatcherro@apache.org,65.178.52.196
999,Juster, Federica,fjusterrq@liveinternet.ru,165.24.5.101
1000,Durie, Loretta,ldurierr@mayoclinic.com,213.225.109.94
